"","timestamp","company","category","open","high","low","close","volume","vix.open","vix.high","vix.low","vix.close"
"1",2020-01-02,"darden","hospitality",109.8,112.26,109.39,112.26,2745403,13.46,13.72,12.42,12.47
"2",2020-01-03,"darden","hospitality",111.56,112.515,110.88,112.38,1371309,15.01,16.2,13.13,14.02
"3",2020-01-06,"darden","hospitality",112.12,113.15,111.63,113.12,1595575,15.45,16.39,13.54,13.85
"4",2020-01-07,"darden","hospitality",112.21,113.48,111.73,112.15,1901778,13.84,14.46,13.39,13.79
"5",2020-01-08,"darden","hospitality",112.25,114.07,111.82,113.85,1675550,15.16,15.24,12.83,13.45
"6",2020-01-09,"darden","hospitality",113.42,115.5,112.65,114.39,1906729,12.95,13.24,12.53,12.54
"7",2020-01-10,"darden","hospitality",114.58,114.83,113.56,114.55,1146069,12.42,12.87,12.09,12.56
"8",2020-01-13,"darden","hospitality",114.55,114.89,113.05,113.25,1517358,12.84,13.09,12.32,12.32
"9",2020-01-14,"darden","hospitality",112.84,112.84,111.66,112.21,2080711,12.72,13.82,12.05,12.39
"10",2020-01-15,"darden","hospitality",112.21,112.64,111.25,111.29,1511297,12.79,12.83,11.95,12.42
"11",2020-01-16,"darden","hospitality",111.12,113.85,110.731,113.01,2681664,12.2,12.42,11.78,12.32
"12",2020-01-17,"darden","hospitality",113.28,113.75,112.96,113.52,1050185,12.21,12.48,11.75,12.1
"13",2020-01-21,"darden","hospitality",113.11,114.69,113.01,114.55,1502803,13.23,13.33,12.32,12.85
"14",2020-01-22,"darden","hospitality",114.82,115.45,114.635,114.98,1422997,12.45,13.01,12.31,12.91
"15",2020-01-23,"darden","hospitality",114.95,117.72,114.7,117.62,1525137,13.26,14.15,12.94,12.98
"16",2020-01-24,"darden","hospitality",117.75,117.77,116.56,117.09,1080163,12.75,15.98,12.62,14.56
"17",2020-01-27,"darden","hospitality",115.9,116.99,115.8839,116.38,1133454,17.42,19.02,16.82,18.23
"18",2020-01-28,"darden","hospitality",116.84,117.87,116.63,117.45,1391838,16.94,18.03,15.69,16.28
"19",2020-01-29,"darden","hospitality",117.81,119.59,116.44,119.21,1124650,15.68,16.65,14.94,16.39
"20",2020-01-30,"darden","hospitality",118.47,118.57,116.33,118.21,1336146,17.82,18.39,15.3,15.49
"21",2020-01-31,"darden","hospitality",118.3,118.485,115.83,116.43,1081682,16.25,19.99,16.18,18.84
"22",2020-02-03,"darden","hospitality",117.13,117.13,114.88,114.92,1343574,18.64,18.88,17.1,17.97
"23",2020-02-04,"darden","hospitality",115.89,116.74,115.55,115.56,1511709,16.45,16.46,15.63,16.05
"24",2020-02-05,"darden","hospitality",115.91,117.63,115.55,117.48,1700832,16.29,16.32,15.02,15.15
"25",2020-02-06,"darden","hospitality",117.98,121.8,117.86,121.5,2089348,15.13,15.66,14.7,14.96
"26",2020-02-07,"darden","hospitality",121.5,121.95,120.21,120.71,1555404,15.07,16.16,14.81,15.47
"27",2020-02-10,"darden","hospitality",120.62,121.9699,120.24,121.79,979735,15.88,16.43,15.01,15.04
"28",2020-02-11,"darden","hospitality",121.89,122.42,120.67,122.23,1565050,14.91,15.27,14.38,15.18
"29",2020-02-12,"darden","hospitality",122.65,124.01,122.24,122.45,1150396,14.86,14.88,13.73,13.74
"30",2020-02-13,"darden","hospitality",122.12,122.43,121.27,122.27,1081069,14.43,15.44,14,14.15
"31",2020-02-14,"darden","hospitality",122.48,122.63,121.33,121.71,736888,14.12,14.54,13.38,13.68
"32",2020-02-18,"darden","hospitality",121.16,121.41,119.01,120.49,1062835,14.98,15.49,14.53,14.83
"33",2020-02-19,"darden","hospitality",120.81,121.22,119.96,120.68,905259,14.66,14.74,14.21,14.38
"34",2020-02-20,"darden","hospitality",120.4,121,119.42,120.68,757396,14.54,17.21,14.49,15.56
"35",2020-02-21,"darden","hospitality",119.98,121.39,119.96,121.1,1372213,17.33,18.21,16.19,17.08
"36",2020-02-24,"darden","hospitality",119.09,119.77,117.34,117.89,1177462,22.25,26.35,22,25.03
"37",2020-02-25,"darden","hospitality",118.44,118.44,111.6607,111.75,1481062,23.28,30.25,22.62,27.85
"38",2020-02-26,"darden","hospitality",111.9,112.51,107.04,107.07,2085191,26.63,29.57,24.76,27.56
"39",2020-02-27,"darden","hospitality",104.25,104.51,99.3,99.36,3080542,32.14,39.31,29.37,39.16
"40",2020-02-28,"darden","hospitality",96.52,100.76,94.23,97.5,2592983,42.02,49.48,39.37,40.11
"41",2020-03-02,"darden","hospitality",97.75,98.87,95.56,98.8,2405305,38.54,40.41,31.5,33.42
"42",2020-03-03,"darden","hospitality",98.47,100.4,94.46,95.31,1693788,33.65,41.06,24.93,36.82
"43",2020-03-04,"darden","hospitality",96.55,96.94,93.43,95.06,1789170,34.44,35.58,30.3,31.99
"44",2020-03-05,"darden","hospitality",94.41,94.41,87.38,87.95,2700378,33.61,42.84,33.54,39.62
"45",2020-03-06,"darden","hospitality",84.47,90.51,83.79,88.15,2449188,48.93,54.39,40.84,41.94
"46",2020-03-09,"darden","hospitality",82.07,82.63,77.23,77.43,2492059,41.94,62.12,41.94,54.46
"47",2020-03-10,"darden","hospitality",80.86,82.69,76.365,82.6,2301304,49.68,55.66,43.56,47.3
"48",2020-03-11,"darden","hospitality",79.05,79.29,69.7,70.21,3752859,52.24,55.82,49.98,53.9
"49",2020-03-12,"darden","hospitality",62.97,67.35,57.27,59.17,4078307,61.46,76.83,59.91,75.47
"50",2020-03-13,"darden","hospitality",63.96,65.4,59.29,65.32,4062297,65.07,77.57,55.17,57.83
"51",2020-03-16,"darden","hospitality",58.24,58.36,46.17,49.21,4488104,57.83,83.56,57.83,82.69
"52",2020-03-17,"darden","hospitality",49.9,50.16,35.94,41.93,9898043,82.69,84.83,70.37,75.91
"53",2020-03-18,"darden","hospitality",37.17,39.07,26.15,34.16,8744524,69.37,85.47,69.37,76.45
"54",2020-03-19,"darden","hospitality",33.73,46.54,30.5,42.42,10986124,80.62,84.26,68.57,72
"55",2020-03-20,"darden","hospitality",45.5,45.82,37.055,39,8877835,67.86,69.51,57.42,66.04
"56",2020-03-23,"darden","hospitality",39.88,42.24,37.15,41.03,7796930,74.08,76.74,60.46,61.59
"57",2020-03-24,"darden","hospitality",45.13,55.2,45,53.89,8697065,58.76,61.88,36.24,61.67
"58",2020-03-25,"darden","hospitality",56.66,67.715,54,58.45,7945229,61.44,68.86,58.03,63.95
"59",2020-03-26,"darden","hospitality",58.48,62.44,56.3,60.56,4741733,65.67,67.06,57.66,61
"60",2020-03-27,"darden","hospitality",56.57,57.7099,52.5,54.66,6014510,64.95,69.1,61.8,65.54
"61",2020-03-30,"darden","hospitality",53.04,57.84,51.02,56.85,4061484,66.3,67.69,56.6,57.08
"62",2020-03-31,"darden","hospitality",56.9,59,53.11,54.46,6167809,56.69,58.75,50.88,53.54
"63",2020-04-01,"darden","hospitality",50.3,51.15,45,46.02,6586709,57.38,60.59,52.76,57.06
"64",2020-04-02,"darden","hospitality",46.28,49.65,43.11,44.31,4706046,54.46,57.24,50.45,50.91
"65",2020-04-03,"darden","hospitality",44.24,46.39,43.18,45.48,3639658,51.11,52.29,46.74,46.8
"66",2020-04-06,"darden","hospitality",49.2,55.88,49,52.4,4853078,44.17,45.73,43.45,45.24
"67",2020-04-07,"darden","hospitality",57.64,63.34,56.6,58.96,6522092,44.83,47.51,43.51,46.7
"68",2020-04-08,"darden","hospitality",62.16,65.35,59.38,63.57,4049670,45.9,47.28,42.53,43.35
"69",2020-04-09,"darden","hospitality",67.97,69.17,62.13,64.34,4871901,43,45.73,41.39,41.67
"70",2020-04-13,"darden","hospitality",65,65.19,59.801,60.89,2190932,44.6,45.04,41.17,41.17
"71",2020-04-14,"darden","hospitality",63.37,64.7,60.72,61.15,3107453,40.24,40.57,37.31,37.76
"72",2020-04-15,"darden","hospitality",57.86,59.67,57.07,58.79,3733698,42.57,43.23,40.05,40.84
"73",2020-04-16,"darden","hospitality",58.69,59.99,56.51,57.98,2972211,41.92,43.02,39.87,40.11
"74",2020-04-17,"darden","hospitality",63.78,65.43,60.34,63.35,4036615,39.5,40.26,37.63,38.15
"75",2020-04-20,"darden","hospitality",61.34,64.55,61.01,61.79,2376563,40.68,43.83,39.88,43.83
"76",2020-04-21,"darden","hospitality",62.6,63.74,61.32,63.32,7065019,44.28,47.77,43.77,45.41
"77",2020-04-22,"darden","hospitality",64.98,69.46,64.97,68.3,6672416,44.91,45.07,41.41,41.98
"78",2020-04-23,"darden","hospitality",69.48,69.5,66.3,66.87,4051522,41.3,42.47,39.06,41.38
"79",2020-04-24,"darden","hospitality",67.69,69.3,65.75,68.82,3508573,38.8,40.17,35.6,35.93
"80",2020-04-27,"darden","hospitality",70,72.61,68.69,72.4,3280970,36.29,36.44,32.51,33.29
"81",2020-04-28,"darden","hospitality",76.41,77.11,71.22,74.8,4122318,33.21,35.39,30.54,33.57
"82",2020-04-29,"darden","hospitality",78.12,81.1773,76.97,78.21,3907259,32.48,33.19,30.71,31.23
"83",2020-04-30,"darden","hospitality",76.94,77.5385,72.79,73.79,3296278,30.99,35.94,30.93,34.15
"84",2020-05-01,"darden","hospitality",70.4,72.3138,68.08,69.85,3465773,38.17,39.57,36.59,37.19
"85",2020-05-04,"darden","hospitality",67.14,70.7,66.02,70.62,2041795,39.13,40.32,35.53,35.97
"86",2020-05-05,"darden","hospitality",72.27,72.63,68.6,68.99,2524104,34.82,36.22,31.95,33.61
"87",2020-05-06,"darden","hospitality",69.68,71.23,68.2,68.21,2552625,32.69,35.69,31.68,34.12
"88",2020-05-07,"darden","hospitality",69.24,72.0988,68.76,70.53,2304457,32.12,32.28,30.37,31.44
"89",2020-05-08,"darden","hospitality",72.02,74.88,71.75,74.72,2995564,30.14,30.39,27.89,27.98
"90",2020-05-11,"darden","hospitality",73.29,75.13,72.49,73.93,2728626,28.46,31.46,26.97,27.57
"91",2020-05-12,"darden","hospitality",74.56,75.13,68.87,70.32,3603170,28.47,33.04,26,33.04
"92",2020-05-13,"darden","hospitality",69.57,69.6499,63.42,65.88,3964767,32.74,37.42,30.77,35.28
"93",2020-05-14,"darden","hospitality",63,67.23,61.21,66.66,3676684,35.16,39.28,32.33,32.61
"94",2020-05-15,"darden","hospitality",66,70.11,65.35,69.61,2527850,32.5,35.13,31.04,31.89
"95",2020-05-18,"darden","hospitality",74.54,76.56,74.35,75.45,2982051,30.71,31.08,28.35,29.3
"96",2020-05-19,"darden","hospitality",75,78,72.62,75.82,3251344,28.73,30.74,28.37,30.53
"97",2020-05-20,"darden","hospitality",78,78.93,76.35,78.32,3941189,29.52,29.83,27.83,27.99
"98",2020-05-21,"darden","hospitality",78.01,78.24,75.585,77.22,2855446,28.97,30.2,27.67,29.53
"99",2020-05-22,"darden","hospitality",77.69,77.98,75.135,75.63,2551916,31.36,31.55,28.03,28.16
"100",2020-05-26,"darden","hospitality",79.71,80.79,78.01,78.47,3050399,27.72,28.58,27.18,28.01
"101",2020-05-27,"darden","hospitality",81.45,81.7,78.27,81.56,3073842,27.62,30.53,25.92,27.62
"102",2020-05-28,"darden","hospitality",82.4,82.4,78.75,79.5,2835123,27.82,29.89,27.43,28.59
"103",2020-05-29,"darden","hospitality",78.07,79.4662,75.87,76.86,4400271,29.3,30.16,27.29,27.51
"104",2020-06-01,"darden","hospitality",77,79.35,76.86,78.31,2337085,28.94,30.6,28.11,28.23
"105",2020-06-02,"darden","hospitality",78.95,79.56,77.14,78.12,1995315,28.4,28.52,26.66,26.84
"106",2020-06-03,"darden","hospitality",79.27,86.51,79.02,85.93,4058060,26.75,26.98,25.04,25.66
"107",2020-06-04,"darden","hospitality",85.35,88.22,83.82,86.04,3023277,26.23,26.43,24.38,25.81
"108",2020-06-05,"darden","hospitality",91.87,92.07,84.96,85.59,3539733,24.79,25.09,23.54,24.52
"109",2020-06-08,"darden","hospitality",88.82,88.82,83.45,84.74,3903109,25.56,25.98,24.65,25.81
"110",2020-06-09,"darden","hospitality",82.8,82.8,79.6,80.89,3282525,25.93,27.7,25.71,27.57
"111",2020-06-10,"darden","hospitality",80.78,80.94,76.72,77.77,2886818,26.73,29.01,26.06,27.57
"112",2020-06-11,"darden","hospitality",72,75.37,70.78,72.93,4507605,30.45,42.58,29.49,40.79
"113",2020-06-12,"darden","hospitality",76.24,76.66,71.92,75.94,3045632,37.68,44.16,34.97,36.09
"114",2020-06-15,"darden","hospitality",72.8,77.87,72.21,76.5,2501295,44.09,44.44,34.28,34.4
"115",2020-06-16,"darden","hospitality",80.41,81.4565,76.31,76.71,3040794,34.28,37.45,31.73,33.67
"116",2020-06-17,"darden","hospitality",77.21,77.21,73.86,74.19,2495052,33.28,35.17,32.25,33.47
"117",2020-06-18,"darden","hospitality",73,75.51,72.06,74.13,2295719,33.83,36.25,32.24,32.94
"118",2020-06-19,"darden","hospitality",75.51,75.695,70.06,70.27,6749918,32.07,35.12,30.4,35.12
"119",2020-06-22,"darden","hospitality",69.79,71.42,68.68,71.35,3835619,35.22,35.39,31.64,31.77
"120",2020-06-23,"darden","hospitality",73,75.44,72.39,75.35,3104349,31.71,31.71,29.26,31.37
"121",2020-06-24,"darden","hospitality",72.99,73.825,68.9122,70.81,4125827,31.05,37.12,30.95,33.84
"122",2020-06-25,"darden","hospitality",74.34,76.43,72.27,74.59,6344784,36.59,36.93,31.59,32.22
"123",2020-06-26,"darden","hospitality",74.58,74.89,70.33,72.95,7299573,33.01,36.25,31.04,34.73
"124",2020-06-29,"darden","hospitality",73.95,77.25,71.84,76.63,3880666,35.05,36.31,31.78,31.78
"125",2020-06-30,"darden","hospitality",75.54,76.28,74.28,75.77,2986959,32.54,32.94,29.56,30.43
"126",2020-07-01,"darden","hospitality",75.34,77.125,73.86,76.11,3791022,30.96,31.76,28.2,28.62
"127",2020-07-02,"darden","hospitality",77.97,78.1,74.08,74.78,3669726,28.33,28.44,25.9,27.68
"128",2020-07-06,"darden","hospitality",75.63,76,72.8,74.99,3023300,27.76,28.33,24.92,27.94
"129",2020-07-07,"darden","hospitality",74.3,74.92,72.07,72.19,2219400,28.77,29.63,27.25,29.43
"130",2020-01-02,"hilton","hospitality",111.15,111.62,110.46,111.45,2014639,13.46,13.72,12.42,12.47
"131",2020-01-03,"hilton","hospitality",110,110.405,108.64,109.99,1854486,15.01,16.2,13.13,14.02
"132",2020-01-06,"hilton","hospitality",109.02,109.45,108.59,109.42,1821786,15.45,16.39,13.54,13.85
"133",2020-01-07,"hilton","hospitality",109.27,109.49,108.16,108.29,1498941,13.84,14.46,13.39,13.79
"134",2020-01-08,"hilton","hospitality",108.14,110.04,107.89,109.21,2741604,15.16,15.24,12.83,13.45
"135",2020-01-09,"hilton","hospitality",109.89,110.2,109.05,109.09,1596198,12.95,13.24,12.53,12.54
"136",2020-01-10,"hilton","hospitality",109.45,109.45,108.39,108.6,1296291,12.42,12.87,12.09,12.56
"137",2020-01-13,"hilton","hospitality",108.94,109.33,108.21,109.29,1573927,12.84,13.09,12.32,12.32
"138",2020-01-14,"hilton","hospitality",109.14,109.5,108.59,109.09,1233156,12.72,13.82,12.05,12.39
"139",2020-01-15,"hilton","hospitality",108.94,109.86,108.59,109.63,1316079,12.79,12.83,11.95,12.42
"140",2020-01-16,"hilton","hospitality",110.32,111.65,110.19,111.6,1217149,12.2,12.42,11.78,12.32
"141",2020-01-17,"hilton","hospitality",112.17,113.96,111.98,113.92,1938185,12.21,12.48,11.75,12.1
"142",2020-01-21,"hilton","hospitality",112.49,112.62,109.93,110.62,4031818,13.23,13.33,12.32,12.85
"143",2020-01-22,"hilton","hospitality",110.98,112.605,110.54,110.85,1716565,12.45,13.01,12.31,12.91
"144",2020-01-23,"hilton","hospitality",109.19,111.15,107.6526,110.96,1607108,13.26,14.15,12.94,12.98
"145",2020-01-24,"hilton","hospitality",111.45,111.45,107.48,108.49,2105331,12.75,15.98,12.62,14.56
"146",2020-01-27,"hilton","hospitality",104.3,105.965,103.53,104.94,4149728,17.42,19.02,16.82,18.23
"147",2020-01-28,"hilton","hospitality",106,108.04,105.56,107.86,2062402,16.94,18.03,15.69,16.28
"148",2020-01-29,"hilton","hospitality",108.13,110.125,108.13,110.01,1854209,15.68,16.65,14.94,16.39
"149",2020-01-30,"hilton","hospitality",108.3,109.445,107.22,109.07,2389260,17.82,18.39,15.3,15.49
"150",2020-01-31,"hilton","hospitality",108.81,108.89,107.01,107.8,3606654,16.25,19.99,16.18,18.84
"151",2020-02-03,"hilton","hospitality",108.54,109.89,107.82,107.85,2097725,18.64,18.88,17.1,17.97
"152",2020-02-04,"hilton","hospitality",109.92,111.99,109.39,110.94,1689492,16.45,16.46,15.63,16.05
"153",2020-02-05,"hilton","hospitality",112.44,113.58,112.1483,113.26,2143997,16.29,16.32,15.02,15.15
"154",2020-02-06,"hilton","hospitality",113.7,113.88,111.8,112.7,1477603,15.13,15.66,14.7,14.96
"155",2020-02-07,"hilton","hospitality",111.42,111.64,110.42,110.84,1371161,15.07,16.16,14.81,15.47
"156",2020-02-10,"hilton","hospitality",110.42,111.37,110.15,111.37,2025517,15.88,16.43,15.01,15.04
"157",2020-02-11,"hilton","hospitality",110.44,115.06,109.02,112.94,2388582,14.91,15.27,14.38,15.18
"158",2020-02-12,"hilton","hospitality",113.49,115.48,113.2,113.7,1891071,14.86,14.88,13.73,13.74
"159",2020-02-13,"hilton","hospitality",112.66,113.54,111.17,112.96,1396047,14.43,15.44,14,14.15
"160",2020-02-14,"hilton","hospitality",113.09,113.63,112.13,113.23,948921,14.12,14.54,13.38,13.68
"161",2020-02-18,"hilton","hospitality",112.98,113.3,111.85,111.93,1805053,14.98,15.49,14.53,14.83
"162",2020-02-19,"hilton","hospitality",112.05,113.45,112.05,112.67,1543321,14.66,14.74,14.21,14.38
"163",2020-02-20,"hilton","hospitality",112.32,113.83,111.77,112,1165346,14.54,17.21,14.49,15.56
"164",2020-02-21,"hilton","hospitality",111.14,111.205,109.32,109.57,1716068,17.33,18.21,16.19,17.08
"165",2020-02-24,"hilton","hospitality",104.62,105.35,103.49,104.02,4565222,22.25,26.35,22,25.03
"166",2020-02-25,"hilton","hospitality",104.82,104.89,98.31,98.88,5489871,23.28,30.25,22.62,27.85
"167",2020-02-26,"hilton","hospitality",99.64,100.82,96.3,97.9,6110547,26.63,29.57,24.76,27.56
"168",2020-02-27,"hilton","hospitality",95.53,100.69,93.2228,95.83,7692736,32.14,39.31,29.37,39.16
"169",2020-02-28,"hilton","hospitality",92.95,98.34,92.7,97.2,6128559,42.02,49.48,39.37,40.11
"170",2020-03-02,"hilton","hospitality",97.04,97.7,92.58,96.46,4791407,38.54,40.41,31.5,33.42
"171",2020-03-03,"hilton","hospitality",96.58,96.79,92.24,93.33,6433252,33.65,41.06,24.93,36.82
"172",2020-03-04,"hilton","hospitality",94.7,98.515,92,98.39,7065208,34.44,35.58,30.3,31.99
"173",2020-03-05,"hilton","hospitality",94.1,95.14,91.29,91.5,9044871,33.61,42.84,33.54,39.62
"174",2020-03-06,"hilton","hospitality",89.02,94.21,88.315,90.45,6450413,48.93,54.39,40.84,41.94
"175",2020-03-09,"hilton","hospitality",83.4,87.54,83.4,86.18,7335076,41.94,62.12,41.94,54.46
"176",2020-03-10,"hilton","hospitality",89.99,91.53,85.68,90.32,5472013,49.68,55.66,43.56,47.3
"177",2020-03-11,"hilton","hospitality",88.22,88.22,79.17,81.09,9833168,52.24,55.82,49.98,53.9
"178",2020-03-12,"hilton","hospitality",71.41,79.57,71.4,76.72,11472989,61.46,76.83,59.91,75.47
"179",2020-03-13,"hilton","hospitality",80.85,81.98,76.64,78.63,8068331,65.07,77.57,55.17,57.83
"180",2020-03-16,"hilton","hospitality",69.42,75.89,63.83,69.54,8594627,57.83,83.56,57.83,82.69
"181",2020-03-17,"hilton","hospitality",70.57,71,61.85,64.83,10971816,82.69,84.83,70.37,75.91
"182",2020-03-18,"hilton","hospitality",58.01,58.46,44.3,56.68,18585091,69.37,85.47,69.37,76.45
"183",2020-03-19,"hilton","hospitality",55,62.82,51.04,58.03,13083263,80.62,84.26,68.57,72
"184",2020-03-20,"hilton","hospitality",61.29,71.48,56.5,61.6,11376504,67.86,69.51,57.42,66.04
"185",2020-03-23,"hilton","hospitality",61.25,67.78,60.05,63.33,10997583,74.08,76.74,60.46,61.59
"186",2020-03-24,"hilton","hospitality",68.43,75.67,67.51,69.39,9953471,58.76,61.88,36.24,61.67
"187",2020-03-25,"hilton","hospitality",75.31,76.73,67.3534,72.25,7691435,61.44,68.86,58.03,63.95
"188",2020-03-26,"hilton","hospitality",75.6,78.76,70.24,73.2,7410076,65.67,67.06,57.66,61
"189",2020-03-27,"hilton","hospitality",69,71.7,66.2,69.15,5782784,64.95,69.1,61.8,65.54
"190",2020-03-30,"hilton","hospitality",66.79,69.83,64.5801,68.68,5063990,66.3,67.69,56.6,57.08
"191",2020-03-31,"hilton","hospitality",68.75,71.83,67.89,68.24,5160584,56.69,58.75,50.88,53.54
"192",2020-04-01,"hilton","hospitality",65,66.4007,62.36,63.04,5742099,57.38,60.59,52.76,57.06
"193",2020-04-02,"hilton","hospitality",62.33,65.99,57,57.86,7927640,54.46,57.24,50.45,50.91
"194",2020-04-03,"hilton","hospitality",58,59.475,53.7,55.94,7230888,51.11,52.29,46.74,46.8
"195",2020-04-06,"hilton","hospitality",60.87,64.335,60.11,63.8,9122762,44.17,45.73,43.45,45.24
"196",2020-04-07,"hilton","hospitality",70.18,73.4799,65.31,65.83,7901509,44.83,47.51,43.51,46.7
"197",2020-04-08,"hilton","hospitality",67.31,70.19,66.33,70.09,8506721,45.9,47.28,42.53,43.35
"198",2020-04-09,"hilton","hospitality",70.22,73.21,68.11,68.45,7535549,43,45.73,41.39,41.67
"199",2020-04-13,"hilton","hospitality",68.53,68.9,64.32,66.64,3996473,44.6,45.04,41.17,41.17
"200",2020-04-14,"hilton","hospitality",68.25,71.3,68.25,70.01,4573109,40.24,40.57,37.31,37.76
"201",2020-04-15,"hilton","hospitality",66.04,71.28,65.61,69.87,5802298,42.57,43.23,40.05,40.84
"202",2020-04-16,"hilton","hospitality",69.81,70.7,67.77,70.15,4749676,41.92,43.02,39.87,40.11
"203",2020-04-17,"hilton","hospitality",74.67,75.85,72.73,75.62,4952371,39.5,40.26,37.63,38.15
"204",2020-04-20,"hilton","hospitality",73.5,75.54,71.45,72.28,4812492,40.68,43.83,39.88,43.83
"205",2020-04-21,"hilton","hospitality",70.33,72.48,70.1,71.35,3138304,44.28,47.77,43.77,45.41
"206",2020-04-22,"hilton","hospitality",72.51,73.6,69.59,70.79,2708613,44.91,45.07,41.41,41.98
"207",2020-04-23,"hilton","hospitality",71.59,73.79,70.7,71.94,2246076,41.3,42.47,39.06,41.38
"208",2020-04-24,"hilton","hospitality",72.46,72.6,70.05,71.37,1953985,38.8,40.17,35.6,35.93
"209",2020-04-27,"hilton","hospitality",73.15,75.99,72.745,75.19,2557989,36.29,36.44,32.51,33.29
"210",2020-04-28,"hilton","hospitality",77,77.8,74.38,75.75,3003091,33.21,35.39,30.54,33.57
"211",2020-04-29,"hilton","hospitality",77.02,81.74,77.02,79.28,6171750,32.48,33.19,30.71,31.23
"212",2020-04-30,"hilton","hospitality",77.79,78.39,74.78,75.71,4381721,30.99,35.94,30.93,34.15
"213",2020-05-01,"hilton","hospitality",73.11,73.75,71.42,72.03,3693145,38.17,39.57,36.59,37.19
"214",2020-05-04,"hilton","hospitality",70,72.58,69.08,71.41,4294603,39.13,40.32,35.53,35.97
"215",2020-05-05,"hilton","hospitality",72.76,73.68,71.41,71.74,3065857,34.82,36.22,31.95,33.61
"216",2020-05-06,"hilton","hospitality",72.49,72.85,70.62,70.79,3836870,32.69,35.69,31.68,34.12
"217",2020-05-07,"hilton","hospitality",71.97,73.4559,71.29,71.9,4737463,32.12,32.28,30.37,31.44
"218",2020-05-08,"hilton","hospitality",72.78,74.03,71.72,72.19,8489383,30.14,30.39,27.89,27.98
"219",2020-05-11,"hilton","hospitality",71.11,71.26,68.26,68.3,5531300,28.46,31.46,26.97,27.57
"220",2020-05-12,"hilton","hospitality",68.94,69.34,66.56,67,3169223,28.47,33.04,26,33.04
"221",2020-05-13,"hilton","hospitality",67,67.2,64.06,64.85,4944350,32.74,37.42,30.77,35.28
"222",2020-05-14,"hilton","hospitality",63.36,68.21,62.47,68.17,6034223,35.16,39.28,32.33,32.61
"223",2020-05-15,"hilton","hospitality",67.28,68.83,66.51,68.54,2330179,32.5,35.13,31.04,31.89
"224",2020-05-18,"hilton","hospitality",72.17,74.67,72.08,73.07,6424213,30.71,31.08,28.35,29.3
"225",2020-05-19,"hilton","hospitality",73.04,77.0799,71.8292,75.29,3953847,28.73,30.74,28.37,30.53
"226",2020-05-20,"hilton","hospitality",76.86,78.32,75.94,77.72,3522026,29.52,29.83,27.83,27.99
"227",2020-05-21,"hilton","hospitality",77.15,78.86,75.83,77.66,4791413,28.97,30.2,27.67,29.53
"228",2020-05-22,"hilton","hospitality",78,78.785,76.69,78.39,2822683,31.36,31.55,28.03,28.16
"229",2020-05-26,"hilton","hospitality",85.13,85.58,81.43,81.69,3879776,27.72,28.58,27.18,28.01
"230",2020-05-27,"hilton","hospitality",84.14,84.515,80.76,83.15,5166778,27.62,30.53,25.92,27.62
"231",2020-05-28,"hilton","hospitality",83.98,84.54,80.44,80.62,3368477,27.82,29.89,27.43,28.59
"232",2020-05-29,"hilton","hospitality",79.54,80.25,78.38,79.31,3919624,29.3,30.16,27.29,27.51
"233",2020-06-01,"hilton","hospitality",79.65,82.73,79.355,81.91,2373424,28.94,30.6,28.11,28.23
"234",2020-06-02,"hilton","hospitality",83,83.65,81.24,83.6,3138102,28.4,28.52,26.66,26.84
"235",2020-06-03,"hilton","hospitality",84.49,87.42,83.79,86.11,3624232,26.75,26.98,25.04,25.66
"236",2020-06-04,"hilton","hospitality",86.19,87.44,84.36,86.34,3501748,26.23,26.43,24.38,25.81
"237",2020-06-05,"hilton","hospitality",90.42,93.72,86.645,87.2,6684764,24.79,25.09,23.54,24.52
"238",2020-06-08,"hilton","hospitality",89.86,90.78,88.54,89.7,4554112,25.56,25.98,24.65,25.81
"239",2020-06-09,"hilton","hospitality",87.8,87.83,85.25,86.13,3086729,25.93,27.7,25.71,27.57
"240",2020-06-10,"hilton","hospitality",85.38,85.92,82.35,82.83,3926779,26.73,29.01,26.06,27.57
"241",2020-06-11,"hilton","hospitality",78,80.609,76.73,77.59,5264920,30.45,42.58,29.49,40.79
"242",2020-06-12,"hilton","hospitality",80.93,81,76.16,77.45,4731769,37.68,44.16,34.97,36.09
"243",2020-06-15,"hilton","hospitality",74.54,78.43,73.85,77.48,3402890,44.09,44.44,34.28,34.4
"244",2020-06-16,"hilton","hospitality",81.29,81.74,76.725,78.25,3103885,34.28,37.45,31.73,33.67
"245",2020-06-17,"hilton","hospitality",77.86,78.47,75.85,76.42,3457438,33.28,35.17,32.25,33.47
"246",2020-06-18,"hilton","hospitality",75.74,79.14,75.43,78.16,3897242,33.83,36.25,32.24,32.94
"247",2020-06-19,"hilton","hospitality",79.23,79.26,75.39,76.17,4260939,32.07,35.12,30.4,35.12
"248",2020-06-22,"hilton","hospitality",75.95,76.805,74.83,76.08,1949470,35.22,35.39,31.64,31.77
"249",2020-06-23,"hilton","hospitality",76.74,76.95,75.16,75.68,3952867,31.71,31.71,29.26,31.37
"250",2020-06-24,"hilton","hospitality",75,75,71.59,73.19,3776673,31.05,37.12,30.95,33.84
"251",2020-06-25,"hilton","hospitality",72.49,72.73,70.8066,72.51,3999708,36.59,36.93,31.59,32.22
"252",2020-06-26,"hilton","hospitality",72.19,72.3,69.83,71.16,9989349,33.01,36.25,31.04,34.73
"253",2020-06-29,"hilton","hospitality",71.52,73.92,70.11,73.92,3242421,35.05,36.31,31.78,31.78
"254",2020-06-30,"hilton","hospitality",73.55,73.94,72.02,73.45,4377328,32.54,32.94,29.56,30.43
"255",2020-07-01,"hilton","hospitality",74.68,76.53,74.12,74.44,3177427,30.96,31.76,28.2,28.62
"256",2020-07-02,"hilton","hospitality",76.79,76.98,74.1304,74.52,1766290,28.33,28.44,25.9,27.68
"257",2020-07-06,"hilton","hospitality",76.08,76.35,74.98,76.24,2941700,27.76,28.33,24.92,27.94
"258",2020-07-07,"hilton","hospitality",75.26,75.46,73.75,74.15,2512300,28.77,29.63,27.25,29.43
"259",2020-01-02,"marriott","hospitality",151.5,152.6,151.03,151.49,1777471,13.46,13.72,12.42,12.47
"260",2020-01-03,"marriott","hospitality",149.19,150.02,148.74,149.27,2116944,15.01,16.2,13.13,14.02
"261",2020-01-06,"marriott","hospitality",147.9,147.99,146.21,147.34,2178244,15.45,16.39,13.54,13.85
"262",2020-01-07,"marriott","hospitality",146.74,147.22,144.68,144.94,2073528,13.84,14.46,13.39,13.79
"263",2020-01-08,"marriott","hospitality",145.13,147.62,144.72,146.73,1412775,15.16,15.24,12.83,13.45
"264",2020-01-09,"marriott","hospitality",147.46,147.5899,146.2,146.45,1197938,12.95,13.24,12.53,12.54
"265",2020-01-10,"marriott","hospitality",146.2,146.57,145.05,145.39,848173,12.42,12.87,12.09,12.56
"266",2020-01-13,"marriott","hospitality",145.76,146.98,145.54,146.8,972925,12.84,13.09,12.32,12.32
"267",2020-01-14,"marriott","hospitality",146.41,147.63,146.11,147.15,944731,12.72,13.82,12.05,12.39
"268",2020-01-15,"marriott","hospitality",146.77,148.15,146.65,147.3,800192,12.79,12.83,11.95,12.42
"269",2020-01-16,"marriott","hospitality",147.98,149.04,147.5,149.02,804480,12.2,12.42,11.78,12.32
"270",2020-01-17,"marriott","hospitality",149.19,150.63,148.07,150.26,1058863,12.21,12.48,11.75,12.1
"271",2020-01-21,"marriott","hospitality",148.08,148.44,143.42,144.37,2738889,13.23,13.33,12.32,12.85
"272",2020-01-22,"marriott","hospitality",145,147.1916,143.75,144.12,1297129,12.45,13.01,12.31,12.91
"273",2020-01-23,"marriott","hospitality",142.43,145.06,141.25,144.96,1863062,13.26,14.15,12.94,12.98
"274",2020-01-24,"marriott","hospitality",144.97,145.02,139.84,141.02,2073428,12.75,15.98,12.62,14.56
"275",2020-01-27,"marriott","hospitality",137.73,139.63,133.36,138,2641198,17.42,19.02,16.82,18.23
"276",2020-01-28,"marriott","hospitality",138.71,141.79,138.325,141.25,1958468,16.94,18.03,15.69,16.28
"277",2020-01-29,"marriott","hospitality",141.5,143.235,140.38,142.61,1290673,15.68,16.65,14.94,16.39
"278",2020-01-30,"marriott","hospitality",140.535,143.54,138.83,143.31,1848612,17.82,18.39,15.3,15.49
"279",2020-01-31,"marriott","hospitality",142.15,142.25,138.95,140.06,2070215,16.25,19.99,16.18,18.84
"280",2020-02-03,"marriott","hospitality",141.7,144.46,140.87,141.48,1527564,18.64,18.88,17.1,17.97
"281",2020-02-04,"marriott","hospitality",144.47,148.24,143.6775,147.4,1812857,16.45,16.46,15.63,16.05
"282",2020-02-05,"marriott","hospitality",149.72,150.17,147.31,147.71,1872525,16.29,16.32,15.02,15.15
"283",2020-02-06,"marriott","hospitality",148.29,148.87,145.78,146.22,1065851,15.13,15.66,14.7,14.96
"284",2020-02-07,"marriott","hospitality",144.91,145.4,142.78,144.07,1717590,15.07,16.16,14.81,15.47
"285",2020-02-10,"marriott","hospitality",143.01,145.845,142.45,145.73,1169798,15.88,16.43,15.01,15.04
"286",2020-02-11,"marriott","hospitality",145.87,148.95,145.22,147.19,1461280,14.91,15.27,14.38,15.18
"287",2020-02-12,"marriott","hospitality",148.04,150.97,148.04,150.78,1583792,14.86,14.88,13.73,13.74
"288",2020-02-13,"marriott","hospitality",149.45,149.53,146.66,146.72,1933876,14.43,15.44,14,14.15
"289",2020-02-14,"marriott","hospitality",146.98,147.36,143.9,144.9,2441278,14.12,14.54,13.38,13.68
"290",2020-02-18,"marriott","hospitality",144.23,145.86,144.23,144.94,2353889,14.98,15.49,14.53,14.83
"291",2020-02-19,"marriott","hospitality",144.56,147.91,144.56,147.63,2018045,14.66,14.74,14.21,14.38
"292",2020-02-20,"marriott","hospitality",147.53,148.9097,146.27,146.84,1279602,14.54,17.21,14.49,15.56
"293",2020-02-21,"marriott","hospitality",145.38,145.52,142.54,143.24,1858050,17.33,18.21,16.19,17.08
"294",2020-02-24,"marriott","hospitality",136.82,137.38,134.22,134.83,3197451,22.25,26.35,22,25.03
"295",2020-02-25,"marriott","hospitality",135.99,136.05,123.48,124.08,5128449,23.28,30.25,22.62,27.85
"296",2020-02-26,"marriott","hospitality",126.29,127.67,119.85,120.19,4964341,26.63,29.57,24.76,27.56
"297",2020-02-27,"marriott","hospitality",117,127.28,114.46,119.64,6958568,32.14,39.31,29.37,39.16
"298",2020-02-28,"marriott","hospitality",116.25,124.33,116,124,6660793,42.02,49.48,39.37,40.11
"299",2020-03-02,"marriott","hospitality",123.07,123.68,116.6422,122.96,6375455,38.54,40.41,31.5,33.42
"300",2020-03-03,"marriott","hospitality",122.76,123.74,113.88,114.28,6796506,33.65,41.06,24.93,36.82
"301",2020-03-04,"marriott","hospitality",115.49,118.54,111.28,118.33,7343706,34.44,35.58,30.3,31.99
"302",2020-03-05,"marriott","hospitality",113.79,115,108.8,110.22,6977165,33.61,42.84,33.54,39.62
"303",2020-03-06,"marriott","hospitality",104.64,113.62,103.89,110.66,6790291,48.93,54.39,40.84,41.94
"304",2020-03-09,"marriott","hospitality",102,108.92,101.76,104.19,6687359,41.94,62.12,41.94,54.46
"305",2020-03-10,"marriott","hospitality",108.83,110.03,102.8,109.98,5395484,49.68,55.66,43.56,47.3
"306",2020-03-11,"marriott","hospitality",106.2,106.5,99.56,100.11,8901640,52.24,55.82,49.98,53.9
"307",2020-03-12,"marriott","hospitality",90,97.81,88.76,93.71,9065674,61.46,76.83,59.91,75.47
"308",2020-03-13,"marriott","hospitality",98.5083,100.78,91.6,95.61,8552816,65.07,77.57,55.17,57.83
"309",2020-03-16,"marriott","hospitality",84.68,91.0734,78.12,86.42,9327208,57.83,83.56,57.83,82.69
"310",2020-03-17,"marriott","hospitality",87.51,89.61,67.74,75.24,12101621,82.69,84.83,70.37,75.91
"311",2020-03-18,"marriott","hospitality",67.15,67.16,46.5622,63.81,25844936,69.37,85.47,69.37,76.45
"312",2020-03-19,"marriott","hospitality",61.18,72.7,52.65,66.8,17497680,80.62,84.26,68.57,72
"313",2020-03-20,"marriott","hospitality",73.71,84,69.52,74.58,18154670,67.86,69.51,57.42,66.04
"314",2020-03-23,"marriott","hospitality",75.23,80.7,67.28,70.13,12931810,74.08,76.74,60.46,61.59
"315",2020-03-24,"marriott","hospitality",76.05,81.3606,75,79.14,9113056,58.76,61.88,36.24,61.67
"316",2020-03-25,"marriott","hospitality",83.505,92.68,79.23,85.25,8717945,61.44,68.86,58.03,63.95
"317",2020-03-26,"marriott","hospitality",87.6,96.003,80.59,82.81,10449609,65.67,67.06,57.66,61
"318",2020-03-27,"marriott","hospitality",78.7,82.79,76.25,78.85,5749800,64.95,69.1,61.8,65.54
"319",2020-03-30,"marriott","hospitality",76.71,78.43,72.84,76.16,6097793,66.3,67.69,56.6,57.08
"320",2020-03-31,"marriott","hospitality",74.98,79.24,74.52,74.81,5176088,56.69,58.75,50.88,53.54
"321",2020-04-01,"marriott","hospitality",70,71.41,67.65,69.15,7651268,57.38,60.59,52.76,57.06
"322",2020-04-02,"marriott","hospitality",69.29,70.59,61.55,63,8062657,54.46,57.24,50.45,50.91
"323",2020-04-03,"marriott","hospitality",64.36,64.71,57,59.08,10622239,51.11,52.29,46.74,46.8
"324",2020-04-06,"marriott","hospitality",64.55,70.9,63.78,70.59,12186119,44.17,45.73,43.45,45.24
"325",2020-04-07,"marriott","hospitality",78.3089,81.98,72.68,73.82,11850384,44.83,47.51,43.51,46.7
"326",2020-04-08,"marriott","hospitality",75.24,83.94,74.96,82.53,9143563,45.9,47.28,42.53,43.35
"327",2020-04-09,"marriott","hospitality",86.036,89.03,79.67,81.31,10342955,43,45.73,41.39,41.67
"328",2020-04-13,"marriott","hospitality",81.56,81.57,75.71,78.09,4157842,44.6,45.04,41.17,41.17
"329",2020-04-14,"marriott","hospitality",81,83.3,78.86,82.68,6093093,40.24,40.57,37.31,37.76
"330",2020-04-15,"marriott","hospitality",78.02,81.99,77.53,80.73,4822723,42.57,43.23,40.05,40.84
"331",2020-04-16,"marriott","hospitality",80.09,80.99,76.25,80.39,5398754,41.92,43.02,39.87,40.11
"332",2020-04-17,"marriott","hospitality",85.2952,85.63,82.29,84.26,5299531,39.5,40.26,37.63,38.15
"333",2020-04-20,"marriott","hospitality",81.61,83.25,79.29,79.77,4155031,40.68,43.83,39.88,43.83
"334",2020-04-21,"marriott","hospitality",77.63,80.05,77.11,79.9,4746956,44.28,47.77,43.77,45.41
"335",2020-04-22,"marriott","hospitality",81.43,82.4747,78.75,80.02,3710079,44.91,45.07,41.41,41.98
"336",2020-04-23,"marriott","hospitality",80.45,83.5,79.96,81.1,4540340,41.3,42.47,39.06,41.38
"337",2020-04-24,"marriott","hospitality",81.25,82.18,78.4,80.71,3545323,38.8,40.17,35.6,35.93
"338",2020-04-27,"marriott","hospitality",82.38,86.26,81.53,85.27,5419851,36.29,36.44,32.51,33.29
"339",2020-04-28,"marriott","hospitality",87.4105,88.74,84.52,87.42,4210942,33.21,35.39,30.54,33.57
"340",2020-04-29,"marriott","hospitality",90.97,97.45,90.37,95.99,7369508,32.48,33.19,30.71,31.23
"341",2020-04-30,"marriott","hospitality",93.6,93.9,89.27,90.94,5366076,30.99,35.94,30.93,34.15
"342",2020-05-01,"marriott","hospitality",87.09,88.48,84.23,84.75,4234307,38.17,39.57,36.59,37.19
"343",2020-05-04,"marriott","hospitality",81.79,85.6,80.41,82.58,4087134,39.13,40.32,35.53,35.97
"344",2020-05-05,"marriott","hospitality",85.12,87.07,83.07,83.66,3458185,34.82,36.22,31.95,33.61
"345",2020-05-06,"marriott","hospitality",84.32,84.93,80.87,81.11,3013128,32.69,35.69,31.68,34.12
"346",2020-05-07,"marriott","hospitality",83.35,86.95,83.05,85.98,4036189,32.12,32.28,30.37,31.44
"347",2020-05-08,"marriott","hospitality",88.08,88.5,85.65,87.17,4269552,30.14,30.39,27.89,27.98
"348",2020-05-11,"marriott","hospitality",84.3,84.75,81.51,82.31,6832659,28.46,31.46,26.97,27.57
"349",2020-05-12,"marriott","hospitality",82.96,83.88,79.27,79.33,3605479,28.47,33.04,26,33.04
"350",2020-05-13,"marriott","hospitality",79.0648,79.3168,74.57,75.26,4880565,32.74,37.42,30.77,35.28
"351",2020-05-14,"marriott","hospitality",73,79.28,71.52,79.25,5425359,35.16,39.28,32.33,32.61
"352",2020-05-15,"marriott","hospitality",78.47,79.908,77.36,79.76,6526946,32.5,35.13,31.04,31.89
"353",2020-05-18,"marriott","hospitality",85.06,93.9,84.865,93.62,11012237,30.71,31.08,28.35,29.3
"354",2020-05-19,"marriott","hospitality",92.27,94.84,89.16,90.67,7090296,28.73,30.74,28.37,30.53
"355",2020-05-20,"marriott","hospitality",92.36,92.98,90.27,92.68,4265676,29.52,29.83,27.83,27.99
"356",2020-05-21,"marriott","hospitality",91.97,93.11,90.27,91.35,2984233,28.97,30.2,27.67,29.53
"357",2020-05-22,"marriott","hospitality",92.18,92.25,89.52,91.05,2259710,31.36,31.55,28.03,28.16
"358",2020-05-26,"marriott","hospitality",97.885,97.93,94.55,94.92,6258418,27.72,28.58,27.18,28.01
"359",2020-05-27,"marriott","hospitality",98.64,98.977,94.77,97.96,5392025,27.62,30.53,25.92,27.62
"360",2020-05-28,"marriott","hospitality",97.61,97.92,91.53,91.64,5203029,27.82,29.89,27.43,28.59
"361",2020-05-29,"marriott","hospitality",91.21,91.75,88.1,88.5,5874442,29.3,30.16,27.29,27.51
"362",2020-06-01,"marriott","hospitality",89.73,95.64,89.3,95.03,5084212,28.94,30.6,28.11,28.23
"363",2020-06-02,"marriott","hospitality",97.23,97.35,94.01,95.61,5470735,28.4,28.52,26.66,26.84
"364",2020-06-03,"marriott","hospitality",97.3,100.555,96.21,99.9,6136335,26.75,26.98,25.04,25.66
"365",2020-06-04,"marriott","hospitality",100.14,105.05,98.0806,104.82,6777775,26.23,26.43,24.38,25.81
"366",2020-06-05,"marriott","hospitality",114.38,118.41,106.77,107.96,10069842,24.79,25.09,23.54,24.52
"367",2020-06-08,"marriott","hospitality",113.46,114.46,110.51,113.14,6056216,25.56,25.98,24.65,25.81
"368",2020-06-09,"marriott","hospitality",109.7992,110.5,106.31,107.32,4008725,25.93,27.7,25.71,27.57
"369",2020-06-10,"marriott","hospitality",106.03,106.65,100.05,102.62,5641982,26.73,29.01,26.06,27.57
"370",2020-06-11,"marriott","hospitality",95.05,96.5,90.61,91.44,7614102,30.45,42.58,29.49,40.79
"371",2020-06-12,"marriott","hospitality",97.61,97.76,90.07,92.26,7108265,37.68,44.16,34.97,36.09
"372",2020-06-15,"marriott","hospitality",88,92.33,86.79,90.79,9052926,44.09,44.44,34.28,34.4
"373",2020-06-16,"marriott","hospitality",96.34,96.4,90.7,93.99,6197188,34.28,37.45,31.73,33.67
"374",2020-06-17,"marriott","hospitality",93.52,94,90.8023,91.13,4423063,33.28,35.17,32.25,33.47
"375",2020-06-18,"marriott","hospitality",90.5,94.18,90.17,92.75,3746910,33.83,36.25,32.24,32.94
"376",2020-06-19,"marriott","hospitality",93.905,94.13,88.66,89.68,4880572,32.07,35.12,30.4,35.12
"377",2020-06-22,"marriott","hospitality",89.5,91,88.28,90.18,4588838,35.22,35.39,31.64,31.77
"378",2020-06-23,"marriott","hospitality",91,91.49,88.83,90.62,5829178,31.71,31.71,29.26,31.37
"379",2020-06-24,"marriott","hospitality",89.33,89.52,83.88,85,6403929,31.05,37.12,30.95,33.84
"380",2020-06-25,"marriott","hospitality",83.59,84.56,82.12,84.04,5210944,36.59,36.93,31.59,32.22
"381",2020-06-26,"marriott","hospitality",83.55,83.95,80.3994,80.94,10150239,33.01,36.25,31.04,34.73
"382",2020-06-29,"marriott","hospitality",81.53,86.61,80.26,86.6,5132982,35.05,36.31,31.78,31.78
"383",2020-06-30,"marriott","hospitality",85.41,86.9199,84,85.73,4343105,32.54,32.94,29.56,30.43
"384",2020-07-01,"marriott","hospitality",86.67,90.5,86.33,86.62,5708585,30.96,31.76,28.2,28.62
"385",2020-07-02,"marriott","hospitality",89.7,90.23,86.26,87.8,3877706,28.33,28.44,25.9,27.68
"386",2020-07-06,"marriott","hospitality",89.66,90.34,87.12,89.83,3138200,27.76,28.33,24.92,27.94
"387",2020-07-07,"marriott","hospitality",88.63,88.98,87.08,87.43,2874000,28.77,29.63,27.25,29.43
"388",2020-01-02,"mcdonald","hospitality",198,200.8,197.81,200.79,3553997,13.46,13.72,12.42,12.47
"389",2020-01-03,"mcdonald","hospitality",199.39,200.55,198.85,200.08,2767618,15.01,16.2,13.13,14.02
"390",2020-01-06,"mcdonald","hospitality",199.6,202.7673,199.35,202.33,4658923,15.45,16.39,13.54,13.85
"391",2020-01-07,"mcdonald","hospitality",201.87,202.68,200.51,202.63,4047677,13.84,14.46,13.39,13.79
"392",2020-01-08,"mcdonald","hospitality",202.62,206.69,202.2,205.91,5284210,15.16,15.24,12.83,13.45
"393",2020-01-09,"mcdonald","hospitality",206.86,209.3748,206.1,208.35,5971602,12.95,13.24,12.53,12.54
"394",2020-01-10,"mcdonald","hospitality",208.44,208.95,207.2688,207.27,2336341,12.42,12.87,12.09,12.56
"395",2020-01-13,"mcdonald","hospitality",207.38,207.78,205.76,206.51,2784182,12.84,13.09,12.32,12.32
"396",2020-01-14,"mcdonald","hospitality",205.46,207.65,205.46,207.32,2622714,12.72,13.82,12.05,12.39
"397",2020-01-15,"mcdonald","hospitality",207.32,210.35,207.32,209.77,3368125,12.79,12.83,11.95,12.42
"398",2020-01-16,"mcdonald","hospitality",210.11,211.11,209.22,210.85,2726671,12.2,12.42,11.78,12.32
"399",2020-01-17,"mcdonald","hospitality",211.42,212.77,211.35,211.98,3370231,12.21,12.48,11.75,12.1
"400",2020-01-21,"mcdonald","hospitality",211.37,212.26,210.2208,211.16,4099519,13.23,13.33,12.32,12.85
"401",2020-01-22,"mcdonald","hospitality",213.16,213.6598,211.39,211.44,2757396,12.45,13.01,12.31,12.91
"402",2020-01-23,"mcdonald","hospitality",210.54,213.5,208.62,213.42,3377640,13.26,14.15,12.94,12.98
"403",2020-01-24,"mcdonald","hospitality",214.18,214.18,210.9,211.24,3105777,12.75,15.98,12.62,14.56
"404",2020-01-27,"mcdonald","hospitality",207.84,210.61,207.3,209.34,3386229,17.42,19.02,16.82,18.23
"405",2020-01-28,"mcdonald","hospitality",209.89,212.21,209.86,210.39,3853023,16.94,18.03,15.69,16.28
"406",2020-01-29,"mcdonald","hospitality",211.69,216.4168,210.8,214.44,5734098,15.68,16.65,14.94,16.39
"407",2020-01-30,"mcdonald","hospitality",214,216.74,212.83,216.18,3559962,17.82,18.39,15.3,15.49
"408",2020-01-31,"mcdonald","hospitality",215.52,217.1,213.14,213.97,3919913,16.25,19.99,16.18,18.84
"409",2020-02-03,"mcdonald","hospitality",214.99,216.88,214.23,215.18,3539227,18.64,18.88,17.1,17.97
"410",2020-02-04,"mcdonald","hospitality",216.11,216.69,214.2496,214.62,3367361,16.45,16.46,15.63,16.05
"411",2020-02-05,"mcdonald","hospitality",215.64,215.78,213.012,214.37,2911352,16.29,16.32,15.02,15.15
"412",2020-02-06,"mcdonald","hospitality",214.72,214.82,212.64,212.87,2902120,15.13,15.66,14.7,14.96
"413",2020-02-07,"mcdonald","hospitality",212.56,212.84,211.09,211.61,2421064,15.07,16.16,14.81,15.47
"414",2020-02-10,"mcdonald","hospitality",211.34,213.28,211.25,213.21,2318557,15.88,16.43,15.01,15.04
"415",2020-02-11,"mcdonald","hospitality",214,215.86,213.65,215.73,2694505,14.91,15.27,14.38,15.18
"416",2020-02-12,"mcdonald","hospitality",216,217.47,215.11,217.46,2844864,14.86,14.88,13.73,13.74
"417",2020-02-13,"mcdonald","hospitality",216.71,218.385,216.19,217.42,2853357,14.43,15.44,14,14.15
"418",2020-02-14,"mcdonald","hospitality",217.5,217.84,216.3832,217.09,1719908,14.12,14.54,13.38,13.68
"419",2020-02-18,"mcdonald","hospitality",215.92,217.04,215.67,216.15,2712644,14.98,15.49,14.53,14.83
"420",2020-02-19,"mcdonald","hospitality",216.81,216.92,215.61,215.63,2203389,14.66,14.74,14.21,14.38
"421",2020-02-20,"mcdonald","hospitality",216.15,216.65,212.7813,215.08,2869400,14.54,17.21,14.49,15.56
"422",2020-02-21,"mcdonald","hospitality",215.24,216.37,214.3,215.87,2791129,17.33,18.21,16.19,17.08
"423",2020-02-24,"mcdonald","hospitality",210.58,215.18,210.11,213.52,4218836,22.25,26.35,22,25.03
"424",2020-02-25,"mcdonald","hospitality",214.58,216.83,211.149,212.1,5053094,23.28,30.25,22.62,27.85
"425",2020-02-26,"mcdonald","hospitality",212.89,214.56,209.75,210.1,4190571,26.63,29.57,24.76,27.56
"426",2020-02-27,"mcdonald","hospitality",207.7,210,200.93,201,6403236,32.14,39.31,29.37,39.16
"427",2020-02-28,"mcdonald","hospitality",196,198.44,188.81,194.17,11323802,42.02,49.48,39.37,40.11
"428",2020-03-02,"mcdonald","hospitality",193.81,202.55,193.18,202.55,6152955,38.54,40.41,31.5,33.42
"429",2020-03-03,"mcdonald","hospitality",202,205.67,197.16,199.51,5114601,33.65,41.06,24.93,36.82
"430",2020-03-04,"mcdonald","hospitality",201.93,207.16,200.9,207.02,4260265,34.44,35.58,30.3,31.99
"431",2020-03-05,"mcdonald","hospitality",202.64,203.91,196.33,198.32,4105210,33.61,42.84,33.54,39.62
"432",2020-03-06,"mcdonald","hospitality",192.9,199.58,191.21,198.86,6358561,48.93,54.39,40.84,41.94
"433",2020-03-09,"mcdonald","hospitality",187.67,194.47,184.1,186.86,7786801,41.94,62.12,41.94,54.46
"434",2020-03-10,"mcdonald","hospitality",190.95,200,187.89,199.86,5831499,49.68,55.66,43.56,47.3
"435",2020-03-11,"mcdonald","hospitality",192.94,195.74,185.83,188.25,5624351,52.24,55.82,49.98,53.9
"436",2020-03-12,"mcdonald","hospitality",174.78,179.84,169.38,170.13,9042612,61.46,76.83,59.91,75.47
"437",2020-03-13,"mcdonald","hospitality",178.26,179.47,168.2,177.13,8040208,65.07,77.57,55.17,57.83
"438",2020-03-16,"mcdonald","hospitality",157.1,161.92,147.6283,149.01,9311478,57.83,83.56,57.83,82.69
"439",2020-03-17,"mcdonald","hospitality",148.02,149.48,135,147.62,13693642,82.69,84.83,70.37,75.91
"440",2020-03-18,"mcdonald","hospitality",137.5,141.71,124.23,137.3,12611533,69.37,85.47,69.37,76.45
"441",2020-03-19,"mcdonald","hospitality",135.2,154.8403,128.21,149.5,12769487,80.62,84.26,68.57,72
"442",2020-03-20,"mcdonald","hospitality",153.59,161.54,147.77,148.49,11997672,67.86,69.51,57.42,66.04
"443",2020-03-23,"mcdonald","hospitality",142.95,153.21,136.5,137.1,10649145,74.08,76.74,60.46,61.59
"444",2020-03-24,"mcdonald","hospitality",149,162.98,146.1,161.95,11667708,58.76,61.88,36.24,61.67
"445",2020-03-25,"mcdonald","hospitality",165,171.36,159.22,162.98,9706133,61.44,68.86,58.03,63.95
"446",2020-03-26,"mcdonald","hospitality",163.99,170.93,161,167.35,8259684,65.67,67.06,57.66,61
"447",2020-03-27,"mcdonald","hospitality",162.78,169.735,159.2164,164.01,6439640,64.95,69.1,61.8,65.54
"448",2020-03-30,"mcdonald","hospitality",164.92,170.31,163.57,168.13,5620349,66.3,67.69,56.6,57.08
"449",2020-03-31,"mcdonald","hospitality",166.84,169.51,165,165.35,4518702,56.69,58.75,50.88,53.54
"450",2020-04-01,"mcdonald","hospitality",160.22,161.44,156.35,158.17,4668309,57.38,60.59,52.76,57.06
"451",2020-04-02,"mcdonald","hospitality",155,161.95,155,161.5,4802968,54.46,57.24,50.45,50.91
"452",2020-04-03,"mcdonald","hospitality",160.31,162.23,156.15,160.33,5049100,51.11,52.29,46.74,46.8
"453",2020-04-06,"mcdonald","hospitality",169.2,177.87,168.24,177.04,8327470,44.17,45.73,43.45,45.24
"454",2020-04-07,"mcdonald","hospitality",184.53,185.19,175.16,175.59,7846715,44.83,47.51,43.51,46.7
"455",2020-04-08,"mcdonald","hospitality",175.01,179.42,174.1,177.49,5663338,45.9,47.28,42.53,43.35
"456",2020-04-09,"mcdonald","hospitality",180.73,185.46,179.62,183.7,4900741,43,45.73,41.39,41.67
"457",2020-04-13,"mcdonald","hospitality",182.68,182.8506,176.91,180.12,3181398,44.6,45.04,41.17,41.17
"458",2020-04-14,"mcdonald","hospitality",183.75,184.49,181.84,183.99,3863448,40.24,40.57,37.31,37.76
"459",2020-04-15,"mcdonald","hospitality",178.74,180.97,177.27,177.84,4959056,42.57,43.23,40.05,40.84
"460",2020-04-16,"mcdonald","hospitality",177,179.91,172.27,179.5,7103874,41.92,43.02,39.87,40.11
"461",2020-04-17,"mcdonald","hospitality",182.32,186.81,180.2275,186.1,6467540,39.5,40.26,37.63,38.15
"462",2020-04-20,"mcdonald","hospitality",184.45,185.78,181.55,181.65,3855035,40.68,43.83,39.88,43.83
"463",2020-04-21,"mcdonald","hospitality",177.37,179.39,176.1,177.58,4756259,44.28,47.77,43.77,45.41
"464",2020-04-22,"mcdonald","hospitality",180.75,187.73,180.75,186.48,4243540,44.91,45.07,41.41,41.98
"465",2020-04-23,"mcdonald","hospitality",186.16,187.33,181.32,182.04,5047598,41.3,42.47,39.06,41.38
"466",2020-04-24,"mcdonald","hospitality",183.26,184.35,180.86,184.02,3319554,38.8,40.17,35.6,35.93
"467",2020-04-27,"mcdonald","hospitality",185.15,188.365,184.77,185.89,4046983,36.29,36.44,32.51,33.29
"468",2020-04-28,"mcdonald","hospitality",190,190,185.57,185.93,3803300,33.21,35.39,30.54,33.57
"469",2020-04-29,"mcdonald","hospitality",188.53,190.41,186.88,187.82,3454738,32.48,33.19,30.71,31.23
"470",2020-04-30,"mcdonald","hospitality",182,188.31,180.76,187.56,7122796,30.99,35.94,30.93,34.15
"471",2020-05-01,"mcdonald","hospitality",184,185.54,182.15,182.66,3764076,38.17,39.57,36.59,37.19
"472",2020-05-04,"mcdonald","hospitality",181.31,182.46,178.87,181.87,4025810,39.13,40.32,35.53,35.97
"473",2020-05-05,"mcdonald","hospitality",183.53,183.86,179.11,179.24,3827140,34.82,36.22,31.95,33.61
"474",2020-05-06,"mcdonald","hospitality",180.6,181.12,176.86,176.97,3914973,32.69,35.69,31.68,34.12
"475",2020-05-07,"mcdonald","hospitality",179.5,181.56,178.3,181.12,3039575,32.12,32.28,30.37,31.44
"476",2020-05-08,"mcdonald","hospitality",183.2,183.43,179.9102,181.23,3411572,30.14,30.39,27.89,27.98
"477",2020-05-11,"mcdonald","hospitality",179.37,182.88,178.52,180.88,2628966,28.46,31.46,26.97,27.57
"478",2020-05-12,"mcdonald","hospitality",181.97,182.592,176.44,176.54,3604900,28.47,33.04,26,33.04
"479",2020-05-13,"mcdonald","hospitality",176.18,176.565,171.01,172.82,4726658,32.74,37.42,30.77,35.28
"480",2020-05-14,"mcdonald","hospitality",170.2,175.66,167.85,175.41,4866357,35.16,39.28,32.33,32.61
"481",2020-05-15,"mcdonald","hospitality",173.05,174.71,171.68,173.81,6878482,32.5,35.13,31.04,31.89
"482",2020-05-18,"mcdonald","hospitality",180.06,181.15,178.11,179.83,4652627,30.71,31.08,28.35,29.3
"483",2020-05-19,"mcdonald","hospitality",180.12,181.46,178.07,179.57,3363955,28.73,30.74,28.37,30.53
"484",2020-05-20,"mcdonald","hospitality",182,184.6,180.57,184.1,4919895,29.52,29.83,27.83,27.99
"485",2020-05-21,"mcdonald","hospitality",184.18,185.48,182.106,185.08,2927634,28.97,30.2,27.67,29.53
"486",2020-05-22,"mcdonald","hospitality",184.48,185.35,183.18,184.41,2474575,31.36,31.55,28.03,28.16
"487",2020-05-26,"mcdonald","hospitality",189.59,190.66,184.24,184.84,3990218,27.72,28.58,27.18,28.01
"488",2020-05-27,"mcdonald","hospitality",188.74,188.75,185.27,187.72,3992517,27.62,30.53,25.92,27.62
"489",2020-05-28,"mcdonald","hospitality",189.42,190.48,186.72,188.73,3567328,27.82,29.89,27.43,28.59
"490",2020-05-29,"mcdonald","hospitality",187.43,188.7,185.7101,186.32,5716933,29.3,30.16,27.29,27.51
"491",2020-06-01,"mcdonald","hospitality",186.71,187.84,185.6,187.41,2168153,28.94,30.6,28.11,28.23
"492",2020-06-02,"mcdonald","hospitality",188.4,188.56,186.085,187.59,3121268,28.4,28.52,26.66,26.84
"493",2020-06-03,"mcdonald","hospitality",188.47,193.81,188.09,193.29,3880645,26.75,26.98,25.04,25.66
"494",2020-06-04,"mcdonald","hospitality",192.32,194.26,191.62,193.24,3469097,26.23,26.43,24.38,25.81
"495",2020-06-05,"mcdonald","hospitality",198,200.15,196.27,197.16,4726963,24.79,25.09,23.54,24.52
"496",2020-06-08,"mcdonald","hospitality",195.68,202.73,195.64,202.65,4442291,25.56,25.98,24.65,25.81
"497",2020-06-09,"mcdonald","hospitality",200.37,201.57,199.01,199.52,3727547,25.93,27.7,25.71,27.57
"498",2020-06-10,"mcdonald","hospitality",199.13,199.555,195.6699,195.8,3449002,26.73,29.01,26.06,27.57
"499",2020-06-11,"mcdonald","hospitality",190.9,192.91,186.33,187.51,5792914,30.45,42.58,29.49,40.79
"500",2020-06-12,"mcdonald","hospitality",191.67,191.67,185.45,189.17,4107442,37.68,44.16,34.97,36.09
"501",2020-06-15,"mcdonald","hospitality",184.6,190.1199,184.13,189.49,4498715,44.09,44.44,34.28,34.4
"502",2020-06-16,"mcdonald","hospitality",192,193.5,187.51,190.32,5421137,34.28,37.45,31.73,33.67
"503",2020-06-17,"mcdonald","hospitality",191.92,192.88,190.42,190.79,3152759,33.28,35.17,32.25,33.47
"504",2020-06-18,"mcdonald","hospitality",190.01,190.74,187.89,189.49,3152684,33.83,36.25,32.24,32.94
"505",2020-06-19,"mcdonald","hospitality",192.29,192.3565,186.53,186.56,6267477,32.07,35.12,30.4,35.12
"506",2020-06-22,"mcdonald","hospitality",186,187.77,184.89,187.46,3220707,35.22,35.39,31.64,31.77
"507",2020-06-23,"mcdonald","hospitality",189.55,189.73,186.32,186.62,2950934,31.71,31.71,29.26,31.37
"508",2020-06-24,"mcdonald","hospitality",184.96,185.71,181.34,184.29,4144862,31.05,37.12,30.95,33.84
"509",2020-06-25,"mcdonald","hospitality",183.51,184.08,180.325,182.76,3141265,36.59,36.93,31.59,32.22
"510",2020-06-26,"mcdonald","hospitality",182.37,182.81,178.88,179.74,5106402,33.01,36.25,31.04,34.73
"511",2020-06-29,"mcdonald","hospitality",180.57,182.83,179.17,182.8,2621549,35.05,36.31,31.78,31.78
"512",2020-06-30,"mcdonald","hospitality",182.92,185.2,181.89,184.47,3163070,32.54,32.94,29.56,30.43
"513",2020-07-01,"mcdonald","hospitality",184.95,186.44,183.72,184.66,2193008,30.96,31.76,28.2,28.62
"514",2020-07-02,"mcdonald","hospitality",187,187,182.86,183.52,2689215,28.33,28.44,25.9,27.68
"515",2020-07-06,"mcdonald","hospitality",186,188.72,184.14,188.5,3170500,27.76,28.33,24.92,27.94
"516",2020-07-07,"mcdonald","hospitality",187.37,187.85,185.25,185.82,2364800,28.77,29.63,27.25,29.43
"517",2020-01-02,"royal.caribbean","hospitality",134.55,134.8,133.47,134.65,1014364,13.46,13.72,12.42,12.47
"518",2020-01-03,"royal.caribbean","hospitality",132.79,133.62,131.81,133.49,1229366,15.01,16.2,13.13,14.02
"519",2020-01-06,"royal.caribbean","hospitality",131.59,131.869,130.39,131.63,1517224,15.45,16.39,13.54,13.85
"520",2020-01-07,"royal.caribbean","hospitality",131.08,132.1,130.44,130.44,1220676,13.84,14.46,13.39,13.79
"521",2020-01-08,"royal.caribbean","hospitality",130.35,132.71,130.02,132.22,1429609,15.16,15.24,12.83,13.45
"522",2020-01-09,"royal.caribbean","hospitality",133.92,135.0594,132.94,133.92,1227345,12.95,13.24,12.53,12.54
"523",2020-01-10,"royal.caribbean","hospitality",134.17,134.49,132.69,133.19,835375,12.42,12.87,12.09,12.56
"524",2020-01-13,"royal.caribbean","hospitality",133.21,133.69,132.51,133.11,1244666,12.84,13.09,12.32,12.32
"525",2020-01-14,"royal.caribbean","hospitality",133.39,133.615,132.55,132.95,1112344,12.72,13.82,12.05,12.39
"526",2020-01-15,"royal.caribbean","hospitality",132.91,133.87,132.02,132.62,872885,12.79,12.83,11.95,12.42
"527",2020-01-16,"royal.caribbean","hospitality",133.14,134.14,132.89,134.05,800643,12.2,12.42,11.78,12.32
"528",2020-01-17,"royal.caribbean","hospitality",133.5,135.315,133.245,135.05,906045,12.21,12.48,11.75,12.1
"529",2020-01-21,"royal.caribbean","hospitality",133.2,133.35,128.22,129.68,3369824,13.23,13.33,12.32,12.85
"530",2020-01-22,"royal.caribbean","hospitality",130.57,131.43,128.79,129.13,1836734,12.45,13.01,12.31,12.91
"531",2020-01-23,"royal.caribbean","hospitality",126.73,129.77,123.47,129.59,2123107,13.26,14.15,12.94,12.98
"532",2020-01-24,"royal.caribbean","hospitality",129.04,129.04,124,126.51,2689640,12.75,15.98,12.62,14.56
"533",2020-01-27,"royal.caribbean","hospitality",118.59,119.48,115.82,116.91,4937259,17.42,19.02,16.82,18.23
"534",2020-01-28,"royal.caribbean","hospitality",119.23,121.61,117.3,120.43,2575091,16.94,18.03,15.69,16.28
"535",2020-01-29,"royal.caribbean","hospitality",121.48,123.82,120.735,121.64,2121005,15.68,16.65,14.94,16.39
"536",2020-01-30,"royal.caribbean","hospitality",115.5,120.11,115.49,119.7,4088476,17.82,18.39,15.3,15.49
"537",2020-01-31,"royal.caribbean","hospitality",119.71,120.6,116.68,117.08,2019303,16.25,19.99,16.18,18.84
"538",2020-02-03,"royal.caribbean","hospitality",116.36,119.3739,114.26,116.45,3064474,18.64,18.88,17.1,17.97
"539",2020-02-04,"royal.caribbean","hospitality",121.97,122.1,116.71,118,3307777,16.45,16.46,15.63,16.05
"540",2020-02-05,"royal.caribbean","hospitality",119.5,120.82,117.61,118.26,2455008,16.29,16.32,15.02,15.15
"541",2020-02-06,"royal.caribbean","hospitality",118.91,120.295,116.6,116.67,2517447,15.13,15.66,14.7,14.96
"542",2020-02-07,"royal.caribbean","hospitality",113.37,114.31,110.52,111.55,5066968,15.07,16.16,14.81,15.47
"543",2020-02-10,"royal.caribbean","hospitality",110.78,111.18,109.52,109.7,2735373,15.88,16.43,15.01,15.04
"544",2020-02-11,"royal.caribbean","hospitality",111.06,113.98,110.25,113.06,3238082,14.91,15.27,14.38,15.18
"545",2020-02-12,"royal.caribbean","hospitality",114.57,118.03,114.46,117.23,3990898,14.86,14.88,13.73,13.74
"546",2020-02-13,"royal.caribbean","hospitality",115.5,115.98,113.43,113.62,3135721,14.43,15.44,14,14.15
"547",2020-02-14,"royal.caribbean","hospitality",113.35,113.62,112.44,113.16,2555677,14.12,14.54,13.38,13.68
"548",2020-02-18,"royal.caribbean","hospitality",112.49,112.76,110.71,111.41,2977816,14.98,15.49,14.53,14.83
"549",2020-02-19,"royal.caribbean","hospitality",111.21,112.27,110.67,111.01,2531932,14.66,14.74,14.21,14.38
"550",2020-02-20,"royal.caribbean","hospitality",110.87,110.99,109.42,109.8,2867887,14.54,17.21,14.49,15.56
"551",2020-02-21,"royal.caribbean","hospitality",108.84,109.06,105.15,106.11,3352351,17.33,18.21,16.19,17.08
"552",2020-02-24,"royal.caribbean","hospitality",99.95,101,96.39,96.61,7475769,22.25,26.35,22,25.03
"553",2020-02-25,"royal.caribbean","hospitality",97.78,98.36,89.29,89.55,5904994,23.28,30.25,22.62,27.85
"554",2020-02-26,"royal.caribbean","hospitality",90.44,90.98,81.82,82.34,9734382,26.63,29.57,24.76,27.56
"555",2020-02-27,"royal.caribbean","hospitality",79.51,80.57,70.5,77,14782740,32.14,39.31,29.37,39.16
"556",2020-02-28,"royal.caribbean","hospitality",73.92,81.36,73.48,80.41,9922213,42.02,49.48,39.37,40.11
"557",2020-03-02,"royal.caribbean","hospitality",81.5,81.51,76.78,80.56,7887237,38.54,40.41,31.5,33.42
"558",2020-03-03,"royal.caribbean","hospitality",81.76,81.94,76.78,78.19,7587369,33.65,41.06,24.93,36.82
"559",2020-03-04,"royal.caribbean","hospitality",79.95,80.15,75.32,79.36,10262255,34.44,35.58,30.3,31.99
"560",2020-03-05,"royal.caribbean","hospitality",75.03,75.92,64.18,65.78,16065842,33.61,42.84,33.54,39.62
"561",2020-03-06,"royal.caribbean","hospitality",62.7,70.33,60.36,65.01,16920309,48.93,54.39,40.84,41.94
"562",2020-03-09,"royal.caribbean","hospitality",56.23,56.3,47.36,48.27,19129403,41.94,62.12,41.94,54.46
"563",2020-03-10,"royal.caribbean","hospitality",51.03,52.7,40.2,51.67,30277256,49.68,55.66,43.56,47.3
"564",2020-03-11,"royal.caribbean","hospitality",48.56,51,41.2,44.37,23623391,52.24,55.82,49.98,53.9
"565",2020-03-12,"royal.caribbean","hospitality",34,39.56,29.01,30.27,28788828,61.46,76.83,59.91,75.47
"566",2020-03-13,"royal.caribbean","hospitality",37.01,37.34,28.61,32.33,27406337,65.07,77.57,55.17,57.83
"567",2020-03-16,"royal.caribbean","hospitality",29.9,35.475,29.28,29.94,25362000,57.83,83.56,57.83,82.69
"568",2020-03-17,"royal.caribbean","hospitality",31.22,31.436,26.83,27.66,18105328,82.69,84.83,70.37,75.91
"569",2020-03-18,"royal.caribbean","hospitality",26.02,26.3,19.25,22.33,24532886,69.37,85.47,69.37,76.45
"570",2020-03-19,"royal.caribbean","hospitality",21.76,24.15,20.55,22.41,17016005,80.62,84.26,68.57,72
"571",2020-03-20,"royal.caribbean","hospitality",24.45,28.1,22,23.81,22206789,67.86,69.51,57.42,66.04
"572",2020-03-23,"royal.caribbean","hospitality",24.03,29.32,22.77,28.19,20213164,74.08,76.74,60.46,61.59
"573",2020-03-24,"royal.caribbean","hospitality",34.5,39.59,32.14,34.47,27954416,58.76,61.88,36.24,61.67
"574",2020-03-25,"royal.caribbean","hospitality",40.5,45.4499,34.71,42.41,32676511,61.44,68.86,58.03,63.95
"575",2020-03-26,"royal.caribbean","hospitality",42.83,49.87,37.85,40.61,35069170,65.67,67.06,57.66,61
"576",2020-03-27,"royal.caribbean","hospitality",37.51,37.53,32.8,34.5,31086946,64.95,69.1,61.8,65.54
"577",2020-03-30,"royal.caribbean","hospitality",32.31,32.63,28.1,29.77,25414169,66.3,67.69,56.6,57.08
"578",2020-03-31,"royal.caribbean","hospitality",28.64,35.65,28.3,32.17,26097810,56.69,58.75,50.88,53.54
"579",2020-04-01,"royal.caribbean","hospitality",30.3,30.8562,25.6,25.77,24261326,57.38,60.59,52.76,57.06
"580",2020-04-02,"royal.caribbean","hospitality",25.5,27.95,23.95,24.82,29198042,54.46,57.24,50.45,50.91
"581",2020-04-03,"royal.caribbean","hospitality",25.71,26.21,22.25,24.39,26361226,51.11,52.29,46.74,46.8
"582",2020-04-06,"royal.caribbean","hospitality",26.8,30.2099,25.85,29.61,33224050,44.17,45.73,43.45,45.24
"583",2020-04-07,"royal.caribbean","hospitality",35.31,39.75,31.65,33.55,50969801,44.83,47.51,43.51,46.7
"584",2020-04-08,"royal.caribbean","hospitality",34.88,37.8,33.6501,37.56,28500761,45.9,47.28,42.53,43.35
"585",2020-04-09,"royal.caribbean","hospitality",40.82,45.12,36.76,40.22,46235502,43,45.73,41.39,41.67
"586",2020-04-13,"royal.caribbean","hospitality",36.32,36.7,33.25,33.37,33919054,44.6,45.04,41.17,41.17
"587",2020-04-14,"royal.caribbean","hospitality",35.95,39,35.3601,37.84,32308252,40.24,40.57,37.31,37.76
"588",2020-04-15,"royal.caribbean","hospitality",35.02,37.8499,34.4,36.98,22464727,42.57,43.23,40.05,40.84
"589",2020-04-16,"royal.caribbean","hospitality",36.5,37.0664,33.01,34.01,23885738,41.92,43.02,39.87,40.11
"590",2020-04-17,"royal.caribbean","hospitality",37.11,37.61,35.0001,37.39,23959358,39.5,40.26,37.63,38.15
"591",2020-04-20,"royal.caribbean","hospitality",35.51,37.21,34.91,35.99,15113609,40.68,43.83,39.88,43.83
"592",2020-04-21,"royal.caribbean","hospitality",34.5,35.77,33.5,34.43,15477671,44.28,47.77,43.77,45.41
"593",2020-04-22,"royal.caribbean","hospitality",35.34,35.74,33.62,34.01,9839796,44.91,45.07,41.41,41.98
"594",2020-04-23,"royal.caribbean","hospitality",34.37,37.2,34.13,36.88,21449894,41.3,42.47,39.06,41.38
"595",2020-04-24,"royal.caribbean","hospitality",37.1,37.48,35,35.68,14773205,38.8,40.17,35.6,35.93
"596",2020-04-27,"royal.caribbean","hospitality",36.33,39.58,35.86,39.47,18957681,36.29,36.44,32.51,33.29
"597",2020-04-28,"royal.caribbean","hospitality",41.9,43.01,39.5702,41.59,23379006,33.21,35.39,30.54,33.57
"598",2020-04-29,"royal.caribbean","hospitality",45,48.6,44.4207,48.06,28473297,32.48,33.19,30.71,31.23
"599",2020-04-30,"royal.caribbean","hospitality",47.51,48.56,44.38,46.77,21154485,30.99,35.94,30.93,34.15
"600",2020-05-01,"royal.caribbean","hospitality",43.13,44.74,40.6,40.77,20237905,38.17,39.57,36.59,37.19
"601",2020-05-04,"royal.caribbean","hospitality",37.61,41.7459,37.02,41.37,22804037,39.13,40.32,35.53,35.97
"602",2020-05-05,"royal.caribbean","hospitality",41.63,42.27,37.02,37.2,25298285,34.82,36.22,31.95,33.61
"603",2020-05-06,"royal.caribbean","hospitality",38.21,38.5,36,36.11,15365037,32.69,35.69,31.68,34.12
"604",2020-05-07,"royal.caribbean","hospitality",36.48,38.97,36.45,38.03,13804740,32.12,32.28,30.37,31.44
"605",2020-05-08,"royal.caribbean","hospitality",40.3,41.39,38.55,39.92,15948306,30.14,30.39,27.89,27.98
"606",2020-05-11,"royal.caribbean","hospitality",39.11,39.48,37.78,38.07,9331005,28.46,31.46,26.97,27.57
"607",2020-05-12,"royal.caribbean","hospitality",38.95,39.22,36.32,36.34,10456979,28.47,33.04,26,33.04
"608",2020-05-13,"royal.caribbean","hospitality",36.98,37.01,33.4,34.53,22527606,32.74,37.42,30.77,35.28
"609",2020-05-14,"royal.caribbean","hospitality",33,35.8695,31.41,35.15,22813162,35.16,39.28,32.33,32.61
"610",2020-05-15,"royal.caribbean","hospitality",34.4,38.27,34.37,37.45,18236365,32.5,35.13,31.04,31.89
"611",2020-05-18,"royal.caribbean","hospitality",41.2,44.98,41.2,43.7,29373036,30.71,31.08,28.35,29.3
"612",2020-05-19,"royal.caribbean","hospitality",43.76,44.31,40.92,42.15,17911530,28.73,30.74,28.37,30.53
"613",2020-05-20,"royal.caribbean","hospitality",43.2,43.62,39.71,40.73,22427922,29.52,29.83,27.83,27.99
"614",2020-05-21,"royal.caribbean","hospitality",41.2,45.07,40.35,43.35,28049871,28.97,30.2,27.67,29.53
"615",2020-05-22,"royal.caribbean","hospitality",44.65,45.4,42.02,43.14,15241880,31.36,31.55,28.03,28.16
"616",2020-05-26,"royal.caribbean","hospitality",47.11,50.36,46.67,49.56,27152347,27.72,28.58,27.18,28.01
"617",2020-05-27,"royal.caribbean","hospitality",54.14,55.32,49.3,54.29,31844022,27.62,30.53,25.92,27.62
"618",2020-05-28,"royal.caribbean","hospitality",53.44,54.7,51.332,51.7,21500160,27.82,29.89,27.43,28.59
"619",2020-05-29,"royal.caribbean","hospitality",50,52.8199,49.0906,51.87,19045212,29.3,30.16,27.29,27.51
"620",2020-06-01,"royal.caribbean","hospitality",52,56.07,51.56,55.64,19882219,28.94,30.6,28.11,28.23
"621",2020-06-02,"royal.caribbean","hospitality",57.26,58.44,55.39,56,18184966,28.4,28.52,26.66,26.84
"622",2020-06-03,"royal.caribbean","hospitality",54.7,58.8,54.6,58.11,18314503,26.75,26.98,25.04,25.66
"623",2020-06-04,"royal.caribbean","hospitality",57.45,60.32,55.58,57.69,33066845,26.23,26.43,24.38,25.81
"624",2020-06-05,"royal.caribbean","hospitality",64.86,74.5899,64.6,69.44,61200778,24.79,25.09,23.54,24.52
"625",2020-06-08,"royal.caribbean","hospitality",75.06,75.55,70.1,75.12,32525757,25.56,25.98,24.65,25.81
"626",2020-06-09,"royal.caribbean","hospitality",70.83,71.7175,66.63,69.91,22216618,25.93,27.7,25.71,27.57
"627",2020-06-10,"royal.caribbean","hospitality",67.84,67.84,60.8,63.59,24976419,26.73,29.01,26.06,27.57
"628",2020-06-11,"royal.caribbean","hospitality",56.02,60,54.07,54.51,29623498,30.45,42.58,29.49,40.79
"629",2020-06-12,"royal.caribbean","hospitality",60.6,62.7,57,61.18,25944246,37.68,44.16,34.97,36.09
"630",2020-06-15,"royal.caribbean","hospitality",55.75,61.78,55.32,60.83,20395875,44.09,44.44,34.28,34.4
"631",2020-06-16,"royal.caribbean","hospitality",66.5001,66.89,60.54,62.5,21312343,34.28,37.45,31.73,33.67
"632",2020-06-17,"royal.caribbean","hospitality",59.01,60.24,56.76,58.03,21712844,33.28,35.17,32.25,33.47
"633",2020-06-18,"royal.caribbean","hospitality",56.55,61.6936,56.21,59.35,21418493,33.83,36.25,32.24,32.94
"634",2020-06-19,"royal.caribbean","hospitality",60.96,61.12,54.72,55.27,24705447,32.07,35.12,30.4,35.12
"635",2020-06-22,"royal.caribbean","hospitality",53.5,54.14,50.35,51.86,26181411,35.22,35.39,31.64,31.77
"636",2020-06-23,"royal.caribbean","hospitality",52.62,54.6,51.35,54.36,18550878,31.71,31.71,29.26,31.37
"637",2020-06-24,"royal.caribbean","hospitality",51.9,52.46,46.52,48.24,26769232,31.05,37.12,30.95,33.84
"638",2020-06-25,"royal.caribbean","hospitality",45.35,49.1899,45.25,48.58,21679613,36.59,36.93,31.59,32.22
"639",2020-06-26,"royal.caribbean","hospitality",48.62,48.91,45.43,46.41,14365275,33.01,36.25,31.04,34.73
"640",2020-06-29,"royal.caribbean","hospitality",46.09,50.49,45.06,50.3,17362876,35.05,36.31,31.78,31.78
"641",2020-06-30,"royal.caribbean","hospitality",49.6,50.77,47.78,50.3,14797134,32.54,32.94,29.56,30.43
"642",2020-07-01,"royal.caribbean","hospitality",51.99,55.62,50.45,50.83,17890709,30.96,31.76,28.2,28.62
"643",2020-07-02,"royal.caribbean","hospitality",52.97,53.62,49.36,49.51,13796584,28.33,28.44,25.9,27.68
"644",2020-07-06,"royal.caribbean","hospitality",50.29,51.49,47.89,50.02,13270100,27.76,28.33,24.92,27.94
"645",2020-07-07,"royal.caribbean","hospitality",48.91,49.75,47.42,47.55,9721400,28.77,29.63,27.25,29.43
"646",2020-01-02,"starbucks","hospitality",88.12,89.35,88.05,89.35,6475843,13.46,13.72,12.42,12.47
"647",2020-01-03,"starbucks","hospitality",88.66,89.1,88.1,88.83,4874916,15.01,16.2,13.13,14.02
"648",2020-01-06,"starbucks","hospitality",88.11,88.41,87.47,88.13,5409850,15.45,16.39,13.54,13.85
"649",2020-01-07,"starbucks","hospitality",87.96,88.03,87.13,87.86,6533541,13.84,14.46,13.39,13.79
"650",2020-01-08,"starbucks","hospitality",87.94,89.35,87.78,88.88,7297235,15.16,15.24,12.83,13.45
"651",2020-01-09,"starbucks","hospitality",90.25,91.16,90.07,90.53,9450166,12.95,13.24,12.53,12.54
"652",2020-01-10,"starbucks","hospitality",90.8,90.89,89.63,90.16,7098085,12.42,12.87,12.09,12.56
"653",2020-01-13,"starbucks","hospitality",90.62,91.715,90.21,91.08,7311286,12.84,13.09,12.32,12.32
"654",2020-01-14,"starbucks","hospitality",91.19,91.44,90.86,90.99,5855400,12.72,13.82,12.05,12.39
"655",2020-01-15,"starbucks","hospitality",91,92.06,91,91.54,6145518,12.79,12.83,11.95,12.42
"656",2020-01-16,"starbucks","hospitality",91.99,92.61,91.63,92.58,5180320,12.2,12.42,11.78,12.32
"657",2020-01-17,"starbucks","hospitality",92.8755,93.75,92.8099,93.62,6962787,12.21,12.48,11.75,12.1
"658",2020-01-21,"starbucks","hospitality",92.83,93.595,92.19,92.53,7082418,13.23,13.33,12.32,12.85
"659",2020-01-22,"starbucks","hospitality",93.14,93.75,92.47,92.53,6157412,12.45,13.01,12.31,12.91
"660",2020-01-23,"starbucks","hospitality",91.92,93.85,90.74,93.75,6100777,13.26,14.15,12.94,12.98
"661",2020-01-24,"starbucks","hospitality",94,94.13,91.34,92.03,7815501,12.75,15.98,12.62,14.56
"662",2020-01-27,"starbucks","hospitality",88.63,89.45,87.55,88.73,11066487,17.42,19.02,16.82,18.23
"663",2020-01-28,"starbucks","hospitality",89.05,89.188,87.72,88.6,11922396,16.94,18.03,15.69,16.28
"664",2020-01-29,"starbucks","hospitality",88.15,88.44,85.6,86.72,17703897,15.68,16.65,14.94,16.39
"665",2020-01-30,"starbucks","hospitality",85.45,86.59,84.69,85.84,12224941,17.82,18.39,15.3,15.49
"666",2020-01-31,"starbucks","hospitality",85.79,85.9924,84.52,84.83,11693902,16.25,19.99,16.18,18.84
"667",2020-02-03,"starbucks","hospitality",85.07,86.7863,85.07,86.01,9092620,18.64,18.88,17.1,17.97
"668",2020-02-04,"starbucks","hospitality",87.14,89,86.62,88.38,9997071,16.45,16.46,15.63,16.05
"669",2020-02-05,"starbucks","hospitality",88.88,89.2,86.63,87.56,9982673,16.29,16.32,15.02,15.15
"670",2020-02-06,"starbucks","hospitality",87.65,87.695,86.15,86.15,8901403,15.13,15.66,14.7,14.96
"671",2020-02-07,"starbucks","hospitality",85.76,86.62,85.315,86.42,8073908,15.07,16.16,14.81,15.47
"672",2020-02-10,"starbucks","hospitality",86.1675,87.6175,86.1675,87.53,7289281,15.88,16.43,15.01,15.04
"673",2020-02-11,"starbucks","hospitality",87.86,88.2299,87.35,87.51,5098622,14.91,15.27,14.38,15.18
"674",2020-02-12,"starbucks","hospitality",87.71,89.1,87.39,88.57,7747787,14.86,14.88,13.73,13.74
"675",2020-02-13,"starbucks","hospitality",88.5,90.505,88.26,89.925,8576615,14.43,15.44,14,14.15
"676",2020-02-14,"starbucks","hospitality",90.18,90.4099,88.99,89.28,5686868,14.12,14.54,13.38,13.68
"677",2020-02-18,"starbucks","hospitality",89.37,89.47,88.29,89.23,5291147,14.98,15.49,14.53,14.83
"678",2020-02-19,"starbucks","hospitality",89.49,90.435,89.3,90.14,5210834,14.66,14.74,14.21,14.38
"679",2020-02-20,"starbucks","hospitality",89.73,90.25,87.73,88.6,5969200,14.54,17.21,14.49,15.56
"680",2020-02-21,"starbucks","hospitality",88,88.39,87,87.36,5801705,17.33,18.21,16.19,17.08
"681",2020-02-24,"starbucks","hospitality",84.53,86.0513,84.26,84.52,8313643,22.25,26.35,22,25.03
"682",2020-02-25,"starbucks","hospitality",85.02,85.35,81.67,82.19,9403953,23.28,30.25,22.62,27.85
"683",2020-02-26,"starbucks","hospitality",82.6,83.24,80.64,80.67,10549302,26.63,29.57,24.76,27.56
"684",2020-02-27,"starbucks","hospitality",78.83,80.87,77.36,78.29,17120832,32.14,39.31,29.37,39.16
"685",2020-02-28,"starbucks","hospitality",76.17,78.81,75.72,78.43,19120249,42.02,49.48,39.37,40.11
"686",2020-03-02,"starbucks","hospitality",77.91,82.41,77.66,82.38,14258675,38.54,40.41,31.5,33.42
"687",2020-03-03,"starbucks","hospitality",82.3,82.615,78.11,78.6,12395890,33.65,41.06,24.93,36.82
"688",2020-03-04,"starbucks","hospitality",79.29,80.2,77.88,79.67,10999608,34.44,35.58,30.3,31.99
"689",2020-03-05,"starbucks","hospitality",77.9,77.9,75.28,76.19,12545266,33.61,42.84,33.54,39.62
"690",2020-03-06,"starbucks","hospitality",73.46,75.71,72.05,75.34,18080148,48.93,54.39,40.84,41.94
"691",2020-03-09,"starbucks","hospitality",70.58,74.03,70.08,70.83,15930310,41.94,62.12,41.94,54.46
"692",2020-03-10,"starbucks","hospitality",72.56,74.95,70.03,74.87,18414048,49.68,55.66,43.56,47.3
"693",2020-03-11,"starbucks","hospitality",72.83,74.27,67.4,68.3,17161368,52.24,55.82,49.98,53.9
"694",2020-03-12,"starbucks","hospitality",62.9535,66.793,61.46,62.1,25170629,61.46,76.83,59.91,75.47
"695",2020-03-13,"starbucks","hospitality",66.0185,70.18,63.51,69.92,19247179,65.07,77.57,55.17,57.83
"696",2020-03-16,"starbucks","hospitality",60.63,63.949,58.11,58.59,23354347,57.83,83.56,57.83,82.69
"697",2020-03-17,"starbucks","hospitality",59.55,59.6199,53.61,58.98,25045192,82.69,84.83,70.37,75.91
"698",2020-03-18,"starbucks","hospitality",55.55,57.65,50.02,56.33,28770619,69.37,85.47,69.37,76.45
"699",2020-03-19,"starbucks","hospitality",56.23,63.36,53.55,61.41,25167423,80.62,84.26,68.57,72
"700",2020-03-20,"starbucks","hospitality",62.3,65.68,57.91,58.03,28420576,67.86,69.51,57.42,66.04
"701",2020-03-23,"starbucks","hospitality",57.23,57.44,54,56.55,24905790,74.08,76.74,60.46,61.59
"702",2020-03-24,"starbucks","hospitality",62.68,65.16,61,64.88,28286186,58.76,61.88,36.24,61.67
"703",2020-03-25,"starbucks","hospitality",66.83,69.64,63.4927,65.81,22977186,61.44,68.86,58.03,63.95
"704",2020-03-26,"starbucks","hospitality",66.71,71.58,66.25,69.9,21005282,65.67,67.06,57.66,61
"705",2020-03-27,"starbucks","hospitality",66.68,68.25,64.8202,66.34,18950460,64.95,69.1,61.8,65.54
"706",2020-03-30,"starbucks","hospitality",66.56,68.2199,64.58,67.86,14199717,66.3,67.69,56.6,57.08
"707",2020-03-31,"starbucks","hospitality",67.18,68.32,65.31,65.74,20109803,56.69,58.75,50.88,53.54
"708",2020-04-01,"starbucks","hospitality",63,64.76,61.58,62.62,12880408,57.38,60.59,52.76,57.06
"709",2020-04-02,"starbucks","hospitality",65.75,68.7,62.91,65,18175040,54.46,57.24,50.45,50.91
"710",2020-04-03,"starbucks","hospitality",64.47,64.75,60.9,63.05,14676460,51.11,52.29,46.74,46.8
"711",2020-04-06,"starbucks","hospitality",66.27,68.34,64.41,67.79,18010771,44.17,45.73,43.45,45.24
"712",2020-04-07,"starbucks","hospitality",71.5663,72.48,68.335,68.71,13799395,44.83,47.51,43.51,46.7
"713",2020-04-08,"starbucks","hospitality",69.58,71.92,68.5377,71.57,10417639,45.9,47.28,42.53,43.35
"714",2020-04-09,"starbucks","hospitality",71.2,74.255,70.14,73.88,19769563,43,45.73,41.39,41.67
"715",2020-04-13,"starbucks","hospitality",73.5203,73.6,70.35,71.76,11191792,44.6,45.04,41.17,41.17
"716",2020-04-14,"starbucks","hospitality",73.69,74.33,72.66,73.67,10911999,40.24,40.57,37.31,37.76
"717",2020-04-15,"starbucks","hospitality",72.01,73.175,70.71,72.55,10642533,42.57,43.23,40.05,40.84
"718",2020-04-16,"starbucks","hospitality",73.11,73.76,71.345,73.51,11946812,41.92,43.02,39.87,40.11
"719",2020-04-17,"starbucks","hospitality",76.62,77.39,74.97,77.1,14268386,39.5,40.26,37.63,38.15
"720",2020-04-20,"starbucks","hospitality",76.02,76.98,75.085,75.32,9684741,40.68,43.83,39.88,43.83
"721",2020-04-21,"starbucks","hospitality",73.4,73.96,71.74,72.72,10345787,44.28,47.77,43.77,45.41
"722",2020-04-22,"starbucks","hospitality",74.55,78.06,74.43,77.45,11355290,44.91,45.07,41.41,41.98
"723",2020-04-23,"starbucks","hospitality",77.33,77.67,74.26,75.15,15513357,41.3,42.47,39.06,41.38
"724",2020-04-24,"starbucks","hospitality",75.75,76.03,74.21,75.58,8460619,38.8,40.17,35.6,35.93
"725",2020-04-27,"starbucks","hospitality",76.68,78.04,76.54,77.74,8258468,36.29,36.44,32.51,33.29
"726",2020-04-28,"starbucks","hospitality",78.67,79.61,76.96,78.69,12801386,33.21,35.39,30.54,33.57
"727",2020-04-29,"starbucks","hospitality",78.18,78.75,76.72,76.86,24575514,32.48,33.19,30.71,31.23
"728",2020-04-30,"starbucks","hospitality",76.83,77.64,75.19,76.73,15186034,30.99,35.94,30.93,34.15
"729",2020-05-01,"starbucks","hospitality",74.9,75.8799,73.21,73.79,11216703,38.17,39.57,36.59,37.19
"730",2020-05-04,"starbucks","hospitality",72.58,72.62,71.255,71.89,12921795,39.13,40.32,35.53,35.97
"731",2020-05-05,"starbucks","hospitality",74.96,75.08,72.89,72.9,12976023,34.82,36.22,31.95,33.61
"732",2020-05-06,"starbucks","hospitality",73.767,74.85,72.86,72.96,12740910,32.69,35.69,31.68,34.12
"733",2020-05-07,"starbucks","hospitality",73.81,76.03,73.37,76,13369310,32.12,32.28,30.37,31.44
"734",2020-05-08,"starbucks","hospitality",77.25,77.93,75.76,77.87,11921827,30.14,30.39,27.89,27.98
"735",2020-05-11,"starbucks","hospitality",76.62,77.18,75.795,75.87,9004538,28.46,31.46,26.97,27.57
"736",2020-05-12,"starbucks","hospitality",76,76.73,74.34,74.35,8549922,28.47,33.04,26,33.04
"737",2020-05-13,"starbucks","hospitality",74.46,75.75,72.92,73.62,11532701,32.74,37.42,30.77,35.28
"738",2020-05-14,"starbucks","hospitality",72.32,74.29,70.65,74.19,11932250,35.16,39.28,32.33,32.61
"739",2020-05-15,"starbucks","hospitality",72.81,74.64,72.6746,74.16,9489146,32.5,35.13,31.04,31.89
"740",2020-05-18,"starbucks","hospitality",76.86,77.5,76.2,76.23,8912473,30.71,31.08,28.35,29.3
"741",2020-05-19,"starbucks","hospitality",76.4,77.225,75.76,75.86,6484878,28.73,30.74,28.37,30.53
"742",2020-05-20,"starbucks","hospitality",77.23,77.84,76.52,77.76,7790481,29.52,29.83,27.83,27.99
"743",2020-05-21,"starbucks","hospitality",78.6,79.375,77.89,78.05,10262127,28.97,30.2,27.67,29.53
"744",2020-05-22,"starbucks","hospitality",77.9,78.05,76.52,77.62,7653305,31.36,31.55,28.03,28.16
"745",2020-05-26,"starbucks","hospitality",79.4513,79.92,77.575,77.76,8422249,27.72,28.58,27.18,28.01
"746",2020-05-27,"starbucks","hospitality",78.98,78.98,77.385,78.6,8245290,27.62,30.53,25.92,27.62
"747",2020-05-28,"starbucks","hospitality",78.64,80.06,77.93,78.54,8333918,27.82,29.89,27.43,28.59
"748",2020-05-29,"starbucks","hospitality",78.62,78.64,77.26,77.99,10108989,29.3,30.16,27.29,27.51
"749",2020-06-01,"starbucks","hospitality",77.66,78.65,76.77,78.32,7936986,28.94,30.6,28.11,28.23
"750",2020-06-02,"starbucks","hospitality",77.97,78.255,76.79,77.78,9521014,28.4,28.52,26.66,26.84
"751",2020-06-03,"starbucks","hospitality",78.45,79.95,78.3,79.58,9956666,26.75,26.98,25.04,25.66
"752",2020-06-04,"starbucks","hospitality",79.31,80.17,78.47,78.74,7667564,26.23,26.43,24.38,25.81
"753",2020-06-05,"starbucks","hospitality",80.33,82.33,79.97,82.14,12030778,24.79,25.09,23.54,24.52
"754",2020-06-08,"starbucks","hospitality",83.08,83.62,82.1828,83.56,10229593,25.56,25.98,24.65,25.81
"755",2020-06-09,"starbucks","hospitality",82.62,83.22,81.76,82.37,7999828,25.93,27.7,25.71,27.57
"756",2020-06-10,"starbucks","hospitality",79.88,80.025,78.2,79.01,19683806,26.73,29.01,26.06,27.57
"757",2020-06-11,"starbucks","hospitality",75.75,76.79,72.15,72.57,26422155,30.45,42.58,29.49,40.79
"758",2020-06-12,"starbucks","hospitality",75,76.715,73.81,76.38,18529829,37.68,44.16,34.97,36.09
"759",2020-06-15,"starbucks","hospitality",74.3,77.91,74.08,76.96,14651213,44.09,44.44,34.28,34.4
"760",2020-06-16,"starbucks","hospitality",78.79,78.9435,76.39,77.84,10890113,34.28,37.45,31.73,33.67
"761",2020-06-17,"starbucks","hospitality",78.07,78.29,76.68,77.1,6906721,33.28,35.17,32.25,33.47
"762",2020-06-18,"starbucks","hospitality",76.72,76.79,75.795,76.31,8485970,33.83,36.25,32.24,32.94
"763",2020-06-19,"starbucks","hospitality",77.03,77.375,74.88,75.4,12527326,32.07,35.12,30.4,35.12
"764",2020-06-22,"starbucks","hospitality",74.9,75.651,73.92,75.4,8238636,35.22,35.39,31.64,31.77
"765",2020-06-23,"starbucks","hospitality",76.33,76.37,75.07,75.49,8076612,31.71,31.71,29.26,31.37
"766",2020-06-24,"starbucks","hospitality",74.9,74.92,72,73.64,12306427,31.05,37.12,30.95,33.84
"767",2020-06-25,"starbucks","hospitality",73.2157,74.105,72.17,73.85,8624798,36.59,36.93,31.59,32.22
"768",2020-06-26,"starbucks","hospitality",73.63,73.77,71.25,71.57,17627836,33.01,36.25,31.04,34.73
"769",2020-06-29,"starbucks","hospitality",71.4091,73.5,71.06,73.48,8653029,35.05,36.31,31.78,31.78
"770",2020-06-30,"starbucks","hospitality",73.58,73.88,72.81,73.59,11323990,32.54,32.94,29.56,30.43
"771",2020-07-01,"starbucks","hospitality",74,74.69,73.38,74.03,6751698,30.96,31.76,28.2,28.62
"772",2020-07-02,"starbucks","hospitality",75.04,75.09,73.64,73.78,6545251,28.33,28.44,25.9,27.68
"773",2020-07-06,"starbucks","hospitality",74.93,75.48,74.16,75.44,7235300,27.76,28.33,24.92,27.94
"774",2020-07-07,"starbucks","hospitality",75.13,75.23,74,74.25,7396100,28.77,29.63,27.25,29.43
