"week","company","category","open","high","low","close","previous","change.percent","result","volume","vix.open","vix.high","vix.low","vix.close","vix.previous","vix.change.percent","vix.result","confirmed.total","confirmed.previous","confirmed.change.percent","confirmed.result","deaths.total","deaths.previous","deaths.change.percent","deaths.result"
-1,"alphabet","technology",1492.82,1494.2,1463.18,1466.17,NA,NA,NA,1489280,12.75,15.98,12.62,14.56,NA,NA,NA,941,NA,NA,NA,26,NA,NA,NA
-1,"amazon","technology",1890.85666666667,1895.82,1867.84666666667,1877.89333333333,NA,NA,NA,3155683.66666667,12.82,14.38,12.6233333333333,13.4833333333333,NA,NA,NA,716.666666666667,NA,NA,NA,20.3333333333333,NA,NA,NA
-1,"apple","technology",318.916666666667,320.96,316.826266666667,318.413333333333,NA,NA,NA,29403496,12.82,14.38,12.6233333333333,13.4833333333333,NA,NA,NA,716.666666666667,NA,NA,NA,20.3333333333333,NA,NA,NA
-1,"darden","hospitality",115.84,116.98,115.298333333333,116.563333333333,NA,NA,NA,1342765.66666667,12.82,14.38,12.6233333333333,13.4833333333333,NA,NA,NA,716.666666666667,NA,NA,NA,20.3333333333333,NA,NA,NA
-1,"facebook","technology",221.286666666667,222.005,218.886666666667,219.673333333333,NA,NA,NA,11771212.6666667,12.82,14.38,12.6233333333333,13.4833333333333,NA,NA,NA,716.666666666667,NA,NA,NA,20.3333333333333,NA,NA,NA
-1,"hilton","hospitality",110.54,111.735,108.557533333333,110.1,NA,NA,NA,1809668,12.82,14.38,12.6233333333333,13.4833333333333,NA,NA,NA,716.666666666667,NA,NA,NA,20.3333333333333,NA,NA,NA
-1,"marriott","hospitality",144.133333333333,145.7572,141.613333333333,143.366666666667,NA,NA,NA,1744539.66666667,12.82,14.38,12.6233333333333,13.4833333333333,NA,NA,NA,716.666666666667,NA,NA,NA,20.3333333333333,NA,NA,NA
-1,"mcdonald","hospitality",212.626666666667,213.779933333333,210.303333333333,212.033333333333,NA,NA,NA,3080271,12.82,14.38,12.6233333333333,13.4833333333333,NA,NA,NA,716.666666666667,NA,NA,NA,20.3333333333333,NA,NA,NA
-1,"microsoft","technology",167.033333333333,167.273333333333,165.133333333333,165.82,NA,NA,NA,22912553.3333333,12.82,14.38,12.6233333333333,13.4833333333333,NA,NA,NA,716.666666666667,NA,NA,NA,20.3333333333333,NA,NA,NA
-1,"netflix","technology",335.683333333333,348.676666666667,331.496666666667,342.92,NA,NA,NA,19289977.6666667,12.82,14.38,12.6233333333333,13.4833333333333,NA,NA,NA,716.666666666667,NA,NA,NA,20.3333333333333,NA,NA,NA
-1,"royal.caribbean","hospitality",128.78,130.08,125.42,128.41,NA,NA,NA,2216493.66666667,12.82,14.38,12.6233333333333,13.4833333333333,NA,NA,NA,716.666666666667,NA,NA,NA,20.3333333333333,NA,NA,NA
-1,"starbucks","hospitality",93.02,93.91,91.5166666666667,92.77,NA,NA,NA,6691230,12.82,14.38,12.6233333333333,13.4833333333333,NA,NA,NA,716.666666666667,NA,NA,NA,20.3333333333333,NA,NA,NA
-1,"zoom","technology",75.9033333333333,76.4202,74.0148666666667,74.36,NA,NA,NA,1480286.33333333,12.82,14.38,12.6233333333333,13.4833333333333,NA,NA,NA,716.666666666667,NA,NA,NA,20.3333333333333,NA,NA,NA
0,"alphabet","technology",1447.54,1456.088,1431.46,1445.192,1466.17,NA,"down",1564332.6,16.822,18.416,15.786,17.046,14.56,NA,"up",6566.4,941,NA,"up",146,26,NA,"up"
0,"amazon","technology",1886.794,1900.49,1870.652,1883.798,1877.89333333333,NA,"up",6066532,16.822,18.416,15.786,17.046,13.4833333333333,NA,"up",6566.4,716.666666666667,NA,"up",146,20.3333333333333,NA,"up"
0,"apple","technology",317.7167,320.958,313.098,316.872,318.413333333333,NA,"down",43355264.6,16.822,18.416,15.786,17.046,13.4833333333333,NA,"up",6566.4,716.666666666667,NA,"up",146,20.3333333333333,NA,"up"
0,"darden","hospitality",117.464,118.301,116.22278,117.536,116.563333333333,NA,"up",1213554,16.822,18.416,15.786,17.046,13.4833333333333,NA,"up",6566.4,716.666666666667,NA,"up",146,20.3333333333333,NA,"up"
0,"facebook","technology",213.128,215.824,210.056,213.466,219.673333333333,NA,"down",28193982.4,16.822,18.416,15.786,17.046,13.4833333333333,NA,"up",6566.4,716.666666666667,NA,"up",146,20.3333333333333,NA,"up"
0,"hilton","hospitality",107.108,108.493,106.29,107.936,110.1,NA,"down",2812450.6,16.822,18.416,15.786,17.046,13.4833333333333,NA,"up",6566.4,716.666666666667,NA,"up",146,20.3333333333333,NA,"up"
0,"marriott","hospitality",140.125,142.089,137.969,141.046,143.366666666667,NA,"down",1961833.2,16.822,18.416,15.786,17.046,13.4833333333333,NA,"up",6566.4,716.666666666667,NA,"up",146,20.3333333333333,NA,"up"
0,"mcdonald","hospitality",211.788,214.61536,210.786,212.864,212.033333333333,NA,"up",4090645,16.822,18.416,15.786,17.046,13.4833333333333,NA,"up",6566.4,716.666666666667,NA,"up",146,20.3333333333333,NA,"up"
0,"microsoft","technology",167.806,168.866,165.8666,167.758,165.82,NA,"up",35969187.6,16.822,18.416,15.786,17.046,13.4833333333333,NA,"up",6566.4,716.666666666667,NA,"up",146,20.3333333333333,NA,"up"
0,"netflix","technology",345.864,349.858,340.516,345.478,342.92,NA,"up",6547676.6,16.822,18.416,15.786,17.046,13.4833333333333,NA,"up",6566.4,716.666666666667,NA,"up",146,20.3333333333333,NA,"up"
0,"royal.caribbean","hospitality",118.902,121.124,117.205,119.152,128.41,NA,"down",3148226.8,16.822,18.416,15.786,17.046,13.4833333333333,NA,"up",6566.4,716.666666666667,NA,"up",146,20.3333333333333,NA,"up"
0,"starbucks","hospitality",87.414,87.93208,86.016,86.944,92.77,NA,"down",12922324.6,16.822,18.416,15.786,17.046,13.4833333333333,NA,"up",6566.4,716.666666666667,NA,"up",146,20.3333333333333,NA,"up"
0,"zoom","technology",72.442,74.04434,71.5286,73.274,74.36,NA,"down",1734099.8,16.822,18.416,15.786,17.046,13.4833333333333,NA,"up",6566.4,716.666666666667,NA,"up",146,20.3333333333333,NA,"up"
1,"alphabet","technology",1459.822,1477.004,1444.84,1465.828,1445.192,-0.0143080270364283,"up",2706129.6,16.316,16.696,15.452,15.92,17.046,0.170741758241758,"down",27325,6566.4,5.97810839532412,"up",567,146,4.61538461538461,"up"
1,"amazon","technology",2038.902,2066.83,2022.104,2044.65,1883.798,0.00314430354581725,"up",4768581.4,16.316,16.696,15.452,15.92,17.046,0.264227441285538,"down",27325,6566.4,8.16241860465116,"up",567,146,6.18032786885246,"up"
1,"apple","technology",317.614,321.302,314.61386,318.84,316.872,-0.00484066831372223,"up",32626930,16.316,16.696,15.452,15.92,17.046,0.264227441285538,"down",27325,6566.4,8.16241860465116,"up",567,146,6.18032786885246,"up"
1,"darden","hospitality",117.682,119.05,116.81,118.034,117.536,0.00834453372987505,"up",1640173.4,16.316,16.696,15.452,15.92,17.046,0.264227441285538,"down",27325,6566.4,8.16241860465116,"up",567,146,6.18032786885246,"up"
1,"facebook","technology",208.6673,210.496,207.1361,209.462,213.466,-0.0282571090406967,"down",14097523.2,16.316,16.696,15.452,15.92,17.046,0.264227441285538,"down",27325,6566.4,8.16241860465116,"up",567,146,6.18032786885246,"up"
1,"hilton","hospitality",111.204,112.196,110.31566,111.118,107.936,-0.0196548592188919,"up",1755995.6,16.316,16.696,15.452,15.92,17.046,0.264227441285538,"down",27325,6566.4,8.16241860465116,"up",567,146,6.18032786885246,"up"
1,"marriott","hospitality",145.818,147.428,144.0835,145.376,141.046,-0.0161869332713324,"up",1599277.4,16.316,16.696,15.452,15.92,17.046,0.264227441285538,"down",27325,6566.4,8.16241860465116,"up",567,146,6.18032786885246,"up"
1,"mcdonald","hospitality",214.804,215.402,213.04432,213.73,212.864,0.0039176230152492,"up",3028224.8,16.316,16.696,15.452,15.92,17.046,0.264227441285538,"down",27325,6566.4,8.16241860465116,"up",567,146,6.18032786885246,"up"
1,"microsoft","technology",179.083,181.75798,177.53182,180.384,167.758,0.011687371848993,"up",33409834,16.316,16.696,15.452,15.92,17.046,0.264227441285538,"down",27325,6566.4,8.16241860465116,"up",567,146,6.18032786885246,"up"
1,"netflix","technology",363.601,369.55998,358.15028,366.08,345.478,0.0074594657646098,"up",5715803.4,16.316,16.696,15.452,15.92,17.046,0.264227441285538,"down",27325,6566.4,8.16241860465116,"up",567,146,6.18032786885246,"up"
1,"royal.caribbean","hospitality",118.022,119.37978,115.14,116.186,119.152,-0.0720971886924694,"down",3282334.8,16.316,16.696,15.452,15.92,17.046,0.264227441285538,"down",27325,6566.4,8.16241860465116,"up",567,146,6.18032786885246,"up"
1,"starbucks","hospitality",86.9,87.86026,85.957,86.904,86.944,-0.0628004742912579,"down",9209535,16.316,16.696,15.452,15.92,17.046,0.264227441285538,"down",27325,6566.4,8.16241860465116,"up",567,146,6.18032786885246,"up"
1,"zoom","technology",85.746,90.65,83.367,87.268,73.274,-0.0146046261430877,"up",6761801,16.316,16.696,15.452,15.92,17.046,0.264227441285538,"down",27325,6566.4,8.16241860465116,"up",567,146,6.18032786885246,"up"
2,"alphabet","technology",1506.178,1521.012,1499.774,1513.894,1465.828,0.0142790715697291,"up",1503074,14.84,15.312,14.1,14.358,15.92,-0.0660565528569752,"down",52015,27325,3.16133650097466,"up",1227.6,567,2.88356164383562,"up"
2,"amazon","technology",2139.956,2166.224,2128.828,2145.89,2044.65,0.0853870744103137,"up",3954894,14.84,15.312,14.1,14.358,15.92,-0.0660565528569752,"down",52015,27325,3.16133650097466,"up",1227.6,567,2.88356164383562,"up"
2,"apple","technology",321.634,324.974,320.046,323.636,318.84,0.00621070968719218,"up",24613181.4,14.84,15.312,14.1,14.358,15.92,-0.0660565528569752,"down",52015,27325,3.16133650097466,"up",1227.6,567,2.88356164383562,"up"
2,"darden","hospitality",121.952,122.69198,121.15,122.09,118.034,0.00423699972774303,"up",1102627.6,14.84,15.312,14.1,14.358,15.92,-0.0660565528569752,"down",52015,27325,3.16133650097466,"up",1227.6,567,2.88356164383562,"up"
2,"facebook","technology",210.6167,213.02718,209.28004,211.666,209.462,-0.0187570854374935,"up",15367847.2,14.84,15.312,14.1,14.358,15.92,-0.0660565528569752,"down",52015,27325,3.16133650097466,"up",1227.6,567,2.88356164383562,"up"
2,"hilton","hospitality",112.02,113.816,111.134,112.84,111.118,0.0294804328490958,"up",1730027.6,14.84,15.312,14.1,14.358,15.92,-0.0660565528569752,"down",52015,27325,3.16133650097466,"up",1227.6,567,2.88356164383562,"up"
2,"marriott","hospitality",146.67,148.531,145.254,147.064,145.376,0.0306992045148392,"up",1718004.8,14.84,15.312,14.1,14.358,15.92,-0.0660565528569752,"down",52015,27325,3.16133650097466,"up",1227.6,567,2.88356164383562,"up"
2,"mcdonald","hospitality",215.11,216.567,214.51664,216.182,213.73,0.00406832531569459,"up",2486238.2,14.84,15.312,14.1,14.358,15.92,-0.0660565528569752,"down",52015,27325,3.16133650097466,"up",1227.6,567,2.88356164383562,"up"
2,"microsoft","technology",185.228,187.406,182.8244,185.382,180.384,0.0752631767188449,"up",38902488.8,14.84,15.312,14.1,14.358,15.92,-0.0660565528569752,"down",52015,27325,3.16133650097466,"up",1227.6,567,2.88356164383562,"up"
2,"netflix","technology",374.872,380.81,372.81284,377.314,366.08,0.0596333196325091,"up",4582685.8,14.84,15.312,14.1,14.358,15.92,-0.0660565528569752,"down",52015,27325,3.16133650097466,"up",1227.6,567,2.88356164383562,"up"
2,"royal.caribbean","hospitality",113.052,114.558,112.02,113.354,116.186,-0.0248925741909493,"down",3131150.2,14.84,15.312,14.1,14.358,15.92,-0.0660565528569752,"down",52015,27325,3.16133650097466,"up",1227.6,567,2.88356164383562,"up"
2,"starbucks","hospitality",88.0835,89.17246,87.6315,88.563,86.904,-0.000460066249540006,"up",6879834.6,14.84,15.312,14.1,14.358,15.92,-0.0660565528569752,"down",52015,27325,3.16133650097466,"up",1227.6,567,2.88356164383562,"up"
2,"zoom","technology",89.248,90.724,87.634,89.488,87.268,0.190981794360892,"up",2435222.6,14.84,15.312,14.1,14.358,15.92,-0.0660565528569752,"down",52015,27325,3.16133650097466,"up",1227.6,567,2.88356164383562,"up"
3,"alphabet","technology",1516.2825,1524.8275,1503.685,1511.19,1513.894,0.0327910232305564,"down",1461644.5,15.3775,16.4125,14.855,15.4625,14.358,-0.0981155778894472,"up",75959.75,52015,0.903568161024703,"up",2156.75,1227.6,1.16507936507936,"up"
3,"amazon","technology",2152.01,2168.1275,2125.17,2143.74,2145.89,0.0495145868486048,"down",3323579.25,15.3775,16.4125,14.855,15.4625,14.358,-0.0981155778894472,"up",75959.75,52015,0.903568161024703,"up",2156.75,1227.6,1.16507936507936,"up"
3,"apple","technology",319.1525,322.355,315.83,318.9925,323.636,0.0150420273491408,"down",29813610,15.3775,16.4125,14.855,15.4625,14.358,-0.0981155778894472,"up",75959.75,52015,0.903568161024703,"up",2156.75,1227.6,1.16507936507936,"up"
3,"darden","hospitality",120.5875,121.255,119.5875,120.7375,122.09,0.0343629801582595,"down",1024425.75,15.3775,16.4125,14.855,15.4625,14.358,-0.0981155778894472,"up",75959.75,52015,0.903568161024703,"up",2156.75,1227.6,1.16507936507936,"up"
3,"facebook","technology",215.385,217.32425,212.821375,215.0125,211.666,0.010522194956603,"up",13743196.25,15.3775,16.4125,14.855,15.4625,14.358,-0.0981155778894472,"up",75959.75,52015,0.903568161024703,"up",2156.75,1227.6,1.16507936507936,"up"
3,"hilton","hospitality",112.1225,112.94625,111.2475,111.5425,112.84,0.0154970391835707,"down",1557447,15.3775,16.4125,14.855,15.4625,14.358,-0.0981155778894472,"up",75959.75,52015,0.903568161024703,"up",2156.75,1227.6,1.16507936507936,"up"
3,"marriott","hospitality",145.425,147.049925,144.4,145.6625,147.064,0.0116112700858463,"down",1877396.5,15.3775,16.4125,14.855,15.4625,14.358,-0.0981155778894472,"up",75959.75,52015,0.903568161024703,"up",2156.75,1227.6,1.16507936507936,"up"
3,"mcdonald","hospitality",216.03,216.745,214.590325,215.6825,216.182,0.0114724184719037,"down",2644140.5,15.3775,16.4125,14.855,15.4625,14.358,-0.0981155778894472,"up",75959.75,52015,0.903568161024703,"up",2156.75,1227.6,1.16507936507936,"up"
3,"microsoft","technology",185.94625,186.6575,182.58,184.38,185.382,0.0277075572112827,"down",35828336.25,15.3775,16.4125,14.855,15.4625,14.358,-0.0981155778894472,"up",75959.75,52015,0.903568161024703,"up",2156.75,1227.6,1.16507936507936,"up"
3,"netflix","technology",384.8275,389.8775,379.6677,385.01,377.314,0.0306872814685314,"up",4522952.75,15.3775,16.4125,14.855,15.4625,14.358,-0.0981155778894472,"up",75959.75,52015,0.903568161024703,"up",2156.75,1227.6,1.16507936507936,"up"
3,"royal.caribbean","hospitality",110.8525,111.27,108.9875,109.5825,113.354,-0.0243747095174979,"down",2932496.5,15.3775,16.4125,14.855,15.4625,14.358,-0.0981155778894472,"up",75959.75,52015,0.903568161024703,"up",2156.75,1227.6,1.16507936507936,"up"
3,"starbucks","hospitality",89.1475,89.63625,88.08,88.8325,88.563,0.0190900303783486,"up",5568221.5,15.3775,16.4125,14.855,15.4625,14.358,-0.0981155778894472,"up",75959.75,52015,0.903568161024703,"up",2156.75,1227.6,1.16507936507936,"up"
3,"zoom","technology",100.3425,104.565,97.9175,101.8425,89.488,0.0254388779392217,"up",7573143.75,15.3775,16.4125,14.855,15.4625,14.358,-0.0981155778894472,"up",75959.75,52015,0.903568161024703,"up",2156.75,1227.6,1.16507936507936,"up"
4,"alphabet","technology",1376.496,1399.75,1349.242,1370.17,1511.19,-0.0017861224101555,"down",2934511.8,29.264,34.992,27.624,31.942,15.4625,0.076925755676278,"up",81628.8,75959.75,0.460343170239354,"up",2758.6,2156.75,0.756883349625285,"up"
4,"amazon","technology",1949.778,1990.666,1920.146,1945.934,2143.74,-0.00100191528922736,"down",7128856.6,29.264,34.992,27.624,31.942,15.4625,0.076925755676278,"up",81628.8,75959.75,0.460343170239354,"up",2758.6,2156.75,0.756883349625285,"up"
4,"apple","technology",284.62,293.8,278.238,285.158,318.9925,-0.0143479093796735,"down",69953646.8,29.264,34.992,27.624,31.942,15.4625,0.076925755676278,"up",81628.8,75959.75,0.460343170239354,"up",2758.6,2156.75,0.756883349625285,"up"
4,"darden","hospitality",110.04,111.198,105.91414,106.714,120.7375,-0.0110778933573594,"down",2083448,29.264,34.992,27.624,31.942,15.4625,0.076925755676278,"up",81628.8,75959.75,0.460343170239354,"up",2758.6,2156.75,0.756883349625285,"up"
4,"facebook","technology",195.155,199.396,192.18674,195.382,215.0125,0.015810286016649,"down",23066974.8,29.264,34.992,27.624,31.942,15.4625,0.076925755676278,"up",81628.8,75959.75,0.460343170239354,"up",2758.6,2156.75,0.756883349625285,"up"
4,"hilton","hospitality",99.512,102.018,96.80456,98.766,111.5425,-0.0114985820630982,"down",5997387,29.264,34.992,27.624,31.942,15.4625,0.076925755676278,"up",81628.8,75959.75,0.460343170239354,"up",2758.6,2156.75,0.756883349625285,"up"
4,"marriott","hospitality",126.47,130.542,121.602,124.548,145.6625,-0.00952986454876787,"down",5381920.4,29.264,34.992,27.624,31.942,15.4625,0.076925755676278,"up",81628.8,75959.75,0.460343170239354,"up",2758.6,2156.75,0.756883349625285,"up"
4,"mcdonald","hospitality",208.35,211.002,204.1498,206.178,215.6825,-0.00231055314503513,"down",6237907.8,29.264,34.992,27.624,31.942,15.4625,0.076925755676278,"up",81628.8,75959.75,0.460343170239354,"up",2758.6,2156.75,0.756883349625285,"up"
4,"microsoft","technology",165.482,170.678,161.81324,165.864,184.38,-0.0054050555070072,"down",76603994.4,29.264,34.992,27.624,31.942,15.4625,0.076925755676278,"up",81628.8,75959.75,0.460343170239354,"up",2758.6,2156.75,0.756883349625285,"up"
4,"netflix","technology",367.748,379.76048,362.22324,369.754,385.01,0.020396804783284,"down",8905011.6,29.264,34.992,27.624,31.942,15.4625,0.076925755676278,"up",81628.8,75959.75,0.460343170239354,"up",2758.6,2156.75,0.756883349625285,"up"
4,"royal.caribbean","hospitality",88.32,90.454,82.296,85.182,109.5825,-0.0332718739523969,"down",9564019.6,29.264,34.992,27.624,31.942,15.4625,0.076925755676278,"up",81628.8,75959.75,0.460343170239354,"up",2758.6,2156.75,0.756883349625285,"up"
4,"starbucks","hospitality",81.43,82.86426,79.93,80.82,88.8325,0.00304303151428919,"down",12901595.8,29.264,34.992,27.624,31.942,15.4625,0.076925755676278,"up",81628.8,75959.75,0.460343170239354,"up",2758.6,2156.75,0.756883349625285,"up"
4,"zoom","technology",109.3526,114.606,102.41128,107.504,101.8425,0.138057616663687,"up",13541384.4,29.264,34.992,27.624,31.942,15.4625,0.076925755676278,"up",81628.8,75959.75,0.460343170239354,"up",2758.6,2156.75,0.756883349625285,"up"
5,"alphabet","technology",1344.706,1366.964,1310.058,1343.228,1370.17,-0.0933171871174372,"down",2786545.6,37.834,42.856,32.222,36.758,31.942,1.06577202910267,"up",95703.6,81628.8,0.0746322888108505,"up",3261,2758.6,0.279054132375101,"up"
5,"amazon","technology",1927.286,1960.086,1891.918,1932.778,1945.934,-0.0922714508289251,"down",5818170.2,37.834,42.856,32.222,36.758,31.942,1.06577202910267,"up",95703.6,81628.8,0.0746322888108505,"up",3261,2758.6,0.279054132375101,"up"
5,"apple","technology",291.982,299.842,285.858,294.564,285.158,-0.106066757055417,"up",64690044.8,37.834,42.856,32.222,36.758,31.942,1.06577202910267,"up",95703.6,81628.8,0.0746322888108505,"up",3261,2758.6,0.279054132375101,"up"
5,"darden","hospitality",94.33,96.226,90.924,93.054,106.714,-0.116148669634538,"down",2207565.8,37.834,42.856,32.222,36.758,31.942,1.06577202910267,"up",95703.6,81628.8,0.0746322888108505,"up",3261,2758.6,0.279054132375101,"up"
5,"facebook","technology",188.906,191.682,183.87202,188.07,195.382,-0.09129934306145,"down",23977701.4,37.834,42.856,32.222,36.758,31.942,1.06577202910267,"up",95703.6,81628.8,0.0746322888108505,"up",3261,2758.6,0.279054132375101,"up"
5,"hilton","hospitality",94.288,96.471,91.285,94.026,98.766,-0.114543783759554,"down",6757030.2,37.834,42.856,32.222,36.758,31.942,1.06577202910267,"up",95703.6,81628.8,0.0746322888108505,"up",3261,2758.6,0.279054132375101,"up"
5,"marriott","hospitality",115.95,118.916,110.89844,115.29,124.548,-0.144954947223891,"down",6856624.6,37.834,42.856,32.222,36.758,31.942,1.06577202910267,"up",95703.6,81628.8,0.0746322888108505,"up",3261,2758.6,0.279054132375101,"up"
5,"mcdonald","hospitality",198.656,203.774,195.756,201.252,206.178,-0.0440670893558819,"down",5198318.4,37.834,42.856,32.222,36.758,31.942,1.06577202910267,"up",95703.6,81628.8,0.0746322888108505,"up",3261,2758.6,0.279054132375101,"up"
5,"microsoft","technology",167.25,170.52,162.376,167.138,165.864,-0.100423039375203,"up",62632104,37.834,42.856,32.222,36.758,31.942,1.06577202910267,"up",95703.6,81628.8,0.0746322888108505,"up",3261,2758.6,0.279054132375101,"up"
5,"netflix","technology",376.122,384.32,365.58042,375.072,369.754,-0.0396249448066285,"up",7548800.8,37.834,42.856,32.222,36.758,31.942,1.06577202910267,"up",95703.6,81628.8,0.0746322888108505,"up",3261,2758.6,0.279054132375101,"up"
5,"royal.caribbean","hospitality",76.188,77.97,70.684,73.78,85.182,-0.222667852987475,"down",11744602.4,37.834,42.856,32.222,36.758,31.942,1.06577202910267,"up",95703.6,81628.8,0.0746322888108505,"up",3261,2758.6,0.279054132375101,"up"
5,"starbucks","hospitality",78.172,79.767,76.196,78.436,80.82,-0.0901978442574507,"down",13655917.4,37.834,42.856,32.222,36.758,31.942,1.06577202910267,"up",95703.6,81628.8,0.0746322888108505,"up",3261,2758.6,0.279054132375101,"up"
5,"zoom","technology",114.462,121.09998,108.944,117.34,107.504,0.0555907406043646,"up",16883746,37.834,42.856,32.222,36.758,31.942,1.06577202910267,"up",95703.6,81628.8,0.0746322888108505,"up",3261,2758.6,0.279054132375101,"up"
6,"alphabet","technology",1201.046,1237.732,1164.89,1205.536,1343.228,-0.0196632534648985,"down",3526820.8,54.078,65.6,50.112,57.792,36.758,0.150773276563772,"up",127636.4,95703.6,0.172424438433494,"up",4637,3261,0.182121365910244,"up"
6,"amazon","technology",1795.914,1835.934,1747.316,1794.98,1932.778,-0.00676076372579951,"down",8149862.4,54.078,65.6,50.112,57.792,36.758,0.150773276563772,"up",127636.4,95703.6,0.172424438433494,"up",4637,3261,0.182121365910244,"up"
6,"apple","technology",267.822,279.134,261.036,270.628,294.564,0.0329852222276773,"down",80881049.4,54.078,65.6,50.112,57.792,36.758,0.150773276563772,"up",127636.4,95703.6,0.172424438433494,"up",4637,3261,0.182121365910244,"up"
6,"darden","hospitality",73.782,75.472,67.971,70.946,93.054,-0.128005697471747,"down",3337365.2,54.078,65.6,50.112,57.792,36.758,0.150773276563772,"up",127636.4,95703.6,0.172424438433494,"up",4637,3261,0.182121365910244,"up"
6,"facebook","technology",168.27,173.312,162.858,168.536,188.07,-0.0374241230000717,"down",30631799.6,54.078,65.6,50.112,57.792,36.758,0.150773276563772,"up",127636.4,95703.6,0.172424438433494,"up",4637,3261,0.182121365910244,"up"
6,"hilton","hospitality",82.774,85.768,79.258,82.588,94.026,-0.0479922240447118,"down",8436315.4,54.078,65.6,50.112,57.792,36.758,0.150773276563772,"up",127636.4,95703.6,0.172424438433494,"up",4637,3261,0.182121365910244,"up"
6,"marriott","hospitality",101.10766,104.808,96.896,100.72,115.29,-0.0743327873590905,"down",7720594.6,54.078,65.6,50.112,57.792,36.758,0.150773276563772,"up",127636.4,95703.6,0.172424438433494,"up",4637,3261,0.182121365910244,"up"
6,"mcdonald","hospitality",184.92,189.904,179.08,184.446,201.252,-0.0238919768355498,"down",7265094.2,54.078,65.6,50.112,57.792,36.758,0.150773276563772,"up",127636.4,95703.6,0.172424438433494,"up",4637,3261,0.182121365910244,"up"
6,"microsoft","technology",151.81808,158.372,146.608,152.612,167.138,0.00768099165581441,"down",75646355,54.078,65.6,50.112,57.792,36.758,0.150773276563772,"up",127636.4,95703.6,0.172424438433494,"up",4637,3261,0.182121365910244,"up"
6,"netflix","technology",343.243,351.426,329.81418,342.417,375.072,0.0143825354154385,"down",8519694.4,54.078,65.6,50.112,57.792,36.758,0.150773276563772,"up",127636.4,95703.6,0.172424438433494,"up",4637,3261,0.182121365910244,"up"
6,"royal.caribbean","hospitality",45.366,47.38,37.276,41.382,73.78,-0.133854570214365,"down",25845043,54.078,65.6,50.112,57.792,36.758,0.150773276563772,"up",127636.4,95703.6,0.172424438433494,"up",4637,3261,0.182121365910244,"up"
6,"starbucks","hospitality",68.9884,72.0446,66.496,69.204,78.436,-0.0294976490967584,"down",19184706.8,54.078,65.6,50.112,57.792,36.758,0.150773276563772,"up",127636.4,95703.6,0.172424438433494,"up",4637,3261,0.182121365910244,"up"
6,"zoom","technology",109.292,114.39224,104.286,109.896,117.34,0.0914942699806519,"down",11748235.4,54.078,65.6,50.112,57.792,36.758,0.150773276563772,"up",127636.4,95703.6,0.172424438433494,"up",4637,3261,0.182121365910244,"up"
7,"alphabet","technology",1091.862,1133.51,1054.166,1092.426,1205.536,-0.102508286009523,"down",4293930.4,71.674,81.526,64.712,74.618,57.792,0.572229174601448,"up",225076.2,127636.4,0.333663519449634,"up",9068,4637,0.42195645507513,"up"
7,"amazon","technology",1790.658,1872.178,1742.73,1810.802,1794.98,-0.0712953065483982,"up",9929696.8,71.674,81.526,64.712,74.618,57.792,0.572229174601448,"up",225076.2,127636.4,0.333663519449634,"up",9068,4637,0.42195645507513,"up"
7,"apple","technology",244.759,254.272,237.226,243.152,270.628,-0.0812590812183432,"down",81013167.4,71.674,81.526,64.712,74.618,57.792,0.572229174601448,"up",225076.2,127636.4,0.333663519449634,"up",9068,4637,0.42195645507513,"up"
7,"darden","hospitality",44.908,47.99,35.163,41.344,70.946,-0.237582478990694,"down",8598926,71.674,81.526,64.712,74.618,57.792,0.572229174601448,"up",225076.2,127636.4,0.333663519449634,"up",9068,4637,0.42195645507513,"up"
7,"facebook","technology",149.09,156.08988,142.60012,149.05,168.536,-0.103865581964162,"down",36671972.2,71.674,81.526,64.712,74.618,57.792,0.572229174601448,"up",225076.2,127636.4,0.333663519449634,"up",9068,4637,0.42195645507513,"up"
7,"hilton","hospitality",62.858,67.93,55.504,62.136,82.588,-0.121647203964861,"down",12522260.2,71.674,81.526,64.712,74.618,57.792,0.572229174601448,"up",225076.2,127636.4,0.333663519449634,"up",9068,4637,0.42195645507513,"up"
7,"marriott","hospitality",74.846,80.90868,62.91844,73.37,100.72,-0.126376962442536,"down",16585223,71.674,81.526,64.712,74.618,57.792,0.572229174601448,"up",225076.2,127636.4,0.333663519449634,"up",9068,4637,0.42195645507513,"up"
7,"mcdonald","hospitality",146.282,153.89806,136.56766,146.384,184.446,-0.0835072446485004,"down",12076762.4,71.674,81.526,64.712,74.618,57.792,0.572229174601448,"up",225076.2,127636.4,0.333663519449634,"up",9068,4637,0.42195645507513,"up"
7,"microsoft","technology",141.354,148.01996,135.976,140.49,152.612,-0.0869102179037682,"down",84269546.8,71.674,81.526,64.712,74.618,57.792,0.572229174601448,"up",225076.2,127636.4,0.333663519449634,"up",9068,4637,0.42195645507513,"up"
7,"netflix","technology",316.369,337.56588,306.764,319.784,342.417,-0.0870632838495008,"down",10920912.8,71.674,81.526,64.712,74.618,57.792,0.572229174601448,"up",225076.2,127636.4,0.333663519449634,"up",9068,4637,0.42195645507513,"up"
7,"royal.caribbean","hospitality",26.67,29.0922,23.582,25.23,41.382,-0.439116291677962,"down",21444601.6,71.674,81.526,64.712,74.618,57.792,0.572229174601448,"up",225076.2,127636.4,0.333663519449634,"up",9068,4637,0.42195645507513,"up"
7,"starbucks","hospitality",58.852,62.05178,54.64,58.668,69.204,-0.117701055637717,"down",26151631.4,71.674,81.526,64.712,74.618,57.792,0.572229174601448,"up",225076.2,127636.4,0.333663519449634,"up",9068,4637,0.42195645507513,"up"
7,"zoom","technology",115.056,124.182,111.43,118.398,109.896,-0.0634395772967445,"up",15922173,71.674,81.526,64.712,74.618,57.792,0.572229174601448,"up",225076.2,127636.4,0.333663519449634,"up",9068,4637,0.42195645507513,"up"
8,"alphabet","technology",1105.424,1133.788,1074.868,1111.788,1092.426,-0.0938254850954265,"up",3859461.8,64.98,68.728,54.838,62.75,74.618,0.291147563676633,"down",485857.8,225076.2,0.76341701896951,"up",22144.6,9068,0.95557472503774,"up"
8,"amazon","technology",1906.662,1944.188,1877.466,1916.872,1810.802,0.00881458289228843,"up",6611531.4,64.98,68.728,54.838,62.75,74.618,0.291147563676633,"down",485857.8,225076.2,0.76341701896951,"up",22144.6,9068,0.95557472503774,"up"
8,"apple","technology",242.892,249.79794,236.924,244.59,243.152,-0.101526819102236,"up",69233162.6,64.98,68.728,54.838,62.75,74.618,0.291147563676633,"down",485857.8,225076.2,0.76341701896951,"up",22144.6,9068,0.95557472503774,"up"
8,"darden","hospitality",51.344,57.06098,48.99,53.718,41.344,-0.417246920192823,"up",7039093.4,64.98,68.728,54.838,62.75,74.618,0.291147563676633,"down",485857.8,225076.2,0.76341701896951,"up",22144.6,9068,0.95557472503774,"up"
8,"facebook","technology",156.047,160.14,151.93002,157.084,149.05,-0.115619214885841,"up",29382859,64.98,68.728,54.838,62.75,74.618,0.291147563676633,"down",485857.8,225076.2,0.76341701896951,"up",22144.6,9068,0.95557472503774,"up"
8,"hilton","hospitality",69.918,74.128,66.27068,69.464,62.136,-0.247638882162057,"up",8367069.8,64.98,68.728,54.838,62.75,74.618,0.291147563676633,"down",485857.8,225076.2,0.76341701896951,"up",22144.6,9068,0.95557472503774,"up"
8,"marriott","hospitality",80.217,86.70672,75.67,79.236,73.37,-0.271544876886418,"up",9392444,64.98,68.728,54.838,62.75,74.618,0.291147563676633,"down",485857.8,225076.2,0.76341701896951,"up",22144.6,9068,0.95557472503774,"up"
8,"mcdonald","hospitality",156.744,165.643,152.40728,158.678,146.384,-0.206358500590959,"up",9344462,64.98,68.728,54.838,62.75,74.618,0.291147563676633,"down",485857.8,225076.2,0.76341701896951,"up",22144.6,9068,0.95557472503774,"up"
8,"microsoft","technology",145.964,151.21,143.16,147.41,140.49,-0.0794301889759651,"up",71773369,64.98,68.728,54.838,62.75,74.618,0.291147563676633,"down",485857.8,225076.2,0.76341701896951,"up",22144.6,9068,0.95557472503774,"up"
8,"netflix","technology",356.398,366.688,345.56278,356.018,319.784,-0.0660977696784915,"up",9807804.6,64.98,68.728,54.838,62.75,74.618,0.291147563676633,"down",485857.8,225076.2,0.76341701896951,"up",22144.6,9068,0.95557472503774,"up"
8,"royal.caribbean","hospitality",35.874,40.35198,32.054,36.036,25.23,-0.390314629549079,"up",29400041.4,64.98,68.728,54.838,62.75,74.618,0.291147563676633,"down",485857.8,225076.2,0.76341701896951,"up",22144.6,9068,0.95557472503774,"up"
8,"starbucks","hospitality",64.026,66.414,61.91258,64.696,58.668,-0.152245534940177,"up",23224980.8,64.98,68.728,54.838,62.75,74.618,0.291147563676633,"down",485857.8,225076.2,0.76341701896951,"up",22144.6,9068,0.95557472503774,"up"
8,"zoom","technology",144.4623,154.112,138.226,145.14,118.398,0.0773640532867438,"up",17476347,64.98,68.728,54.838,62.75,74.618,0.291147563676633,"down",485857.8,225076.2,0.76341701896951,"up",22144.6,9068,0.95557472503774,"up"
9,"alphabet","technology",1124.016,1139.076,1099.382,1124.018,1111.788,0.0177238549796509,"up",2837709,57.188,59.312,51.486,53.078,62.75,-0.159050095151304,"down",951285.8,485857.8,1.15863694162244,"up",50557,22144.6,1.44205999117777,"up"
9,"amazon","technology",1926.588,1953.094,1905.7,1929.358,1916.872,0.0585762551620773,"up",4663488.6,57.188,59.312,51.486,53.078,62.75,-0.159050095151304,"down",951285.8,485857.8,1.15863694162244,"up",50557,22144.6,1.44205999117777,"up"
9,"apple","technology",247.196,251.516,243.28082,247.27,244.59,0.00591399618345721,"up",41850551.8,57.188,59.312,51.486,53.078,62.75,-0.159050095151304,"down",951285.8,485857.8,1.15863694162244,"up",50557,22144.6,1.44205999117777,"up"
9,"darden","hospitality",50.152,52.806,47.084,49.424,53.718,0.299293730650155,"down",5032341.2,57.188,59.312,51.486,53.078,62.75,-0.159050095151304,"down",951285.8,485857.8,1.15863694162244,"up",50557,22144.6,1.44205999117777,"up"
9,"facebook","technology",160.505,164.21818,157.409,160.944,157.084,0.0539013753773903,"up",22513738.6,57.188,59.312,51.486,53.078,62.75,-0.159050095151304,"down",951285.8,485857.8,1.15863694162244,"up",50557,22144.6,1.44205999117777,"up"
9,"hilton","hospitality",64.174,66.70514,61.10602,62.752,69.464,0.117934852581434,"down",6225040.2,57.188,59.312,51.486,53.078,62.75,-0.159050095151304,"down",951285.8,485857.8,1.15863694162244,"up",50557,22144.6,1.44205999117777,"up"
9,"marriott","hospitality",71.068,72.876,66.712,68.44,79.236,0.079950933624097,"down",7522009,57.188,59.312,51.486,53.078,62.75,-0.159050095151304,"down",951285.8,485857.8,1.15863694162244,"up",50557,22144.6,1.44205999117777,"up"
9,"mcdonald","hospitality",161.458,165.088,159.214,162.696,158.678,0.0839845884796151,"up",4931885.6,57.188,59.312,51.486,53.078,62.75,-0.159050095151304,"down",951285.8,485857.8,1.15863694162244,"up",50557,22144.6,1.44205999117777,"up"
9,"microsoft","technology",154.36,159.198,151.988,155.828,147.41,0.0492561748167128,"up",58038291.4,57.188,59.312,51.486,53.078,62.75,-0.159050095151304,"down",951285.8,485857.8,1.15863694162244,"up",50557,22144.6,1.44205999117777,"up"
9,"netflix","technology",367.68408,376.5866,361.24,368.476,356.018,0.113307732719586,"up",6822825.4,57.188,59.312,51.486,53.078,62.75,-0.159050095151304,"down",951285.8,485857.8,1.15863694162244,"up",50557,22144.6,1.44205999117777,"up"
9,"royal.caribbean","hospitality",28.492,30.65924,25.64,27.384,36.036,0.428299643281807,"down",26266514.6,57.188,59.312,51.486,53.078,62.75,-0.159050095151304,"down",951285.8,485857.8,1.15863694162244,"up",50557,22144.6,1.44205999117777,"up"
9,"starbucks","hospitality",65.392,66.94998,63.056,64.854,64.696,0.102747664825799,"up",16008285.6,57.188,59.312,51.486,53.078,62.75,-0.159050095151304,"down",951285.8,485857.8,1.15863694162244,"up",50557,22144.6,1.44205999117777,"up"
9,"zoom","technology",140.376,143.60978,132.06936,136.826,145.14,0.225865301778746,"down",15358204.2,57.188,59.312,51.486,53.078,62.75,-0.159050095151304,"down",951285.8,485857.8,1.15863694162244,"up",50557,22144.6,1.44205999117777,"up"
10,"alphabet","technology",1192.8225,1212.105,1169.655,1194.83,1124.018,0.0110002986180819,"up",2741270.5,44.475,46.5625,42.72,44.24,53.078,-0.154135458167331,"down",1458030.25,951285.8,0.957951071280527,"up",90213.5,50557,1.28303965752373,"up"
10,"amazon","technology",2004.6025,2032.81,1989.1125,2023.7375,1929.358,0.00651373696313583,"up",4880023.5,44.475,46.5625,42.72,44.24,53.078,-0.154135458167331,"down",1458030.25,951285.8,0.957951071280527,"up",90213.5,50557,1.28303965752373,"up"
10,"apple","technology",263.285,268.0625,258.5775,263.99,247.27,0.0109571119015496,"up",45982461.5,44.475,46.5625,42.72,44.24,53.078,-0.154135458167331,"down",1458030.25,951285.8,0.957951071280527,"up",90213.5,50557,1.28303965752373,"up"
10,"darden","hospitality",59.2425,63.435,56.7775,59.8175,49.424,-0.0799359618749768,"up",5074185.25,44.475,46.5625,42.72,44.24,53.078,-0.154135458167331,"down",1458030.25,951285.8,0.957951071280527,"up",90213.5,50557,1.28303965752373,"up"
10,"facebook","technology",169.7725,172.9175,165.9575,170.9625,160.944,0.024572840009167,"up",26265996.25,44.475,46.5625,42.72,44.24,53.078,-0.154135458167331,"down",1458030.25,951285.8,0.957951071280527,"up",90213.5,50557,1.28303965752373,"up"
10,"hilton","hospitality",67.145,70.303725,64.965,67.0425,62.752,-0.0966255902337901,"up",8266635.25,44.475,46.5625,42.72,44.24,53.078,-0.154135458167331,"down",1458030.25,951285.8,0.957951071280527,"up",90213.5,50557,1.28303965752373,"up"
10,"marriott","hospitality",76.033725,81.4625,72.7725,77.0625,68.44,-0.136251198949972,"up",10880755.25,44.475,46.5625,42.72,44.24,53.078,-0.154135458167331,"down",1458030.25,951285.8,0.957951071280527,"up",90213.5,50557,1.28303965752373,"up"
10,"mcdonald","hospitality",177.3675,181.985,174.28,178.455,162.696,0.0253217207174278,"up",6684566,44.475,46.5625,42.72,44.24,53.078,-0.154135458167331,"down",1458030.25,951285.8,0.957951071280527,"up",90213.5,50557,1.28303965752373,"up"
10,"microsoft","technology",165.485575,167.635,161.9175,164.7575,155.828,0.0571060307984533,"up",57407686,44.475,46.5625,42.72,44.24,53.078,-0.154135458167331,"down",1458030.25,951285.8,0.957951071280527,"up",90213.5,50557,1.28303965752373,"up"
10,"netflix","technology",372.5725,378.0275,365.5975,373.52,368.476,0.0349926127330641,"up",7462633.5,44.475,46.5625,42.72,44.24,53.078,-0.154135458167331,"down",1458030.25,951285.8,0.957951071280527,"up",90213.5,50557,1.28303965752373,"up"
10,"royal.caribbean","hospitality",34.4525,38.219975,31.977525,35.235,27.384,-0.24009324009324,"up",39732528.5,44.475,46.5625,42.72,44.24,53.078,-0.154135458167331,"down",1458030.25,951285.8,0.957951071280527,"up",90213.5,50557,1.28303965752373,"up"
10,"starbucks","hospitality",69.654075,71.74875,67.855675,70.4875,64.854,0.00244219117101523,"up",15499342,44.475,46.5625,42.72,44.24,53.078,-0.154135458167331,"down",1458030.25,951285.8,0.957951071280527,"up",90213.5,50557,1.28303965752373,"up"
10,"zoom","technology",116.11375,123.74815,111.1502,119.7525,136.826,-0.0572826236736945,"down",21825339.75,44.475,46.5625,42.72,44.24,53.078,-0.154135458167331,"down",1458030.25,951285.8,0.957951071280527,"up",90213.5,50557,1.28303965752373,"up"
11,"alphabet","technology",1247.364,1265.748,1229.814,1253.874,1194.83,0.0629989911193592,"up",2532482.6,41.766,42.424,39.206,39.606,44.24,-0.166509665021289,"down",2075671,1458030.25,0.532694222913871,"up",141267.6,90213.5,0.784391874517871,"up"
11,"amazon","technology",2243.296,2333.274,2224.046,2308.612,2023.7375,0.0489175673980671,"up",8327736,41.766,42.424,39.206,39.606,44.24,-0.166509665021289,"down",2075671,1458030.25,0.532694222913871,"up",141267.6,90213.5,0.784391874517871,"up"
11,"apple","technology",280.556,284.6845,276.74404,282.844,263.99,0.0676183928499211,"up",41477362.4,41.766,42.424,39.206,39.606,44.24,-0.166509665021289,"down",2075671,1458030.25,0.532694222913871,"up",141267.6,90213.5,0.784391874517871,"up"
11,"darden","hospitality",61.74,62.996,58.8882,60.432,59.8175,0.210292570411136,"up",3208181.8,41.766,42.424,39.206,39.606,44.24,-0.166509665021289,"down",2075671,1458030.25,0.532694222913871,"up",141267.6,90213.5,0.784391874517871,"up"
11,"facebook","technology",176.9966,178.549,173.612,177.084,170.9625,0.0622483596779005,"up",20471630.4,41.766,42.424,39.206,39.606,44.24,-0.166509665021289,"down",2075671,1458030.25,0.532694222913871,"up",141267.6,90213.5,0.784391874517871,"up"
11,"hilton","hospitality",69.46,71.606,67.736,70.458,67.0425,0.0683723227944926,"up",4814785.4,41.766,42.424,39.206,39.606,44.24,-0.166509665021289,"down",2075671,1458030.25,0.532694222913871,"up",141267.6,90213.5,0.784391874517871,"up"
11,"marriott","hospitality",81.19304,82.696,78.128,81.23,77.0625,0.125986265341905,"up",5154388.6,41.766,42.424,39.206,39.606,44.24,-0.166509665021289,"down",2075671,1458030.25,0.532694222913871,"up",141267.6,90213.5,0.784391874517871,"up"
11,"mcdonald","hospitality",180.898,183.00612,177.7035,181.51,178.455,0.0968616315090721,"up",5115063.2,41.766,42.424,39.206,39.606,44.24,-0.166509665021289,"down",2075671,1458030.25,0.532694222913871,"up",141267.6,90213.5,0.784391874517871,"up"
11,"microsoft","technology",171.67,174.034,169.662,173.346,164.7575,0.0573035654696203,"up",47793134,41.766,42.424,39.206,39.606,44.24,-0.166509665021289,"down",2075671,1458030.25,0.532694222913871,"up",141267.6,90213.5,0.784391874517871,"up"
11,"netflix","technology",409.962,426.966,404.22042,419.83,373.52,0.0136888155537945,"up",13116010.2,41.766,42.424,39.206,39.606,44.24,-0.166509665021289,"down",2075671,1458030.25,0.532694222913871,"up",141267.6,90213.5,0.784391874517871,"up"
11,"royal.caribbean","hospitality",36.18,37.64526,34.20404,35.918,35.235,0.286700262927257,"up",27307425.8,41.766,42.424,39.206,39.606,44.24,-0.166509665021289,"down",2075671,1458030.25,0.532694222913871,"up",141267.6,90213.5,0.784391874517871,"up"
11,"starbucks","hospitality",73.79006,74.451,72.007,73.718,70.4875,0.0868643414438585,"up",11792304.4,41.766,42.424,39.206,39.606,44.24,-0.166509665021289,"down",2075671,1458030.25,0.532694222913871,"up",141267.6,90213.5,0.784391874517871,"up"
11,"zoom","technology",141.522,148.53388,139.0887,145.938,119.7525,-0.124782570564074,"up",13550292,41.766,42.424,39.206,39.606,44.24,-0.166509665021289,"down",2075671,1458030.25,0.532694222913871,"up",141267.6,90213.5,0.784391874517871,"up"
12,"alphabet","technology",1254.89,1274.512,1240.634,1255.898,1253.874,0.0494162349455572,"up",2028986,41.994,43.862,39.944,41.706,39.606,-0.104746835443038,"up",2637064.2,2075671,0.423613124624815,"up",187787.8,141267.6,0.565925277258947,"up"
12,"amazon","technology",2398.508,2422.388,2356.158,2378.978,2308.612,0.140766527279353,"up",5272803.4,41.994,43.862,39.944,41.706,39.606,-0.104746835443038,"up",2637064.2,2075671,0.423613124624815,"up",187787.8,141267.6,0.565925277258947,"up"
12,"apple","technology",276.182,280.318,273.27,275.88,282.844,0.071419371945907,"down",33969350,41.994,43.862,39.944,41.706,39.606,-0.104746835443038,"up",2637064.2,2075671,0.423613124624815,"up",187787.8,141267.6,0.565925277258947,"up"
12,"darden","hospitality",65.218,67.31,63.87,65.82,60.432,0.0102729134450621,"up",4734818.6,41.994,43.862,39.944,41.706,39.606,-0.104746835443038,"up",2637064.2,2075671,0.423613124624815,"up",187787.8,141267.6,0.565925277258947,"up"
12,"facebook","technology",179.684,183.624,177.44516,181.304,177.084,0.0358060978284711,"up",24925251,41.994,43.862,39.944,41.706,39.606,-0.104746835443038,"up",2637064.2,2075671,0.423613124624815,"up",187787.8,141267.6,0.565925277258947,"up"
12,"hilton","hospitality",72.078,73.602,70.378,71.546,70.458,0.0509452958943953,"up",2971894,41.994,43.862,39.944,41.706,39.606,-0.104746835443038,"up",2637064.2,2075671,0.423613124624815,"up",187787.8,141267.6,0.565925277258947,"up"
12,"marriott","hospitality",80.474,82.29094,78.702,80.3,81.23,0.0540794809407949,"down",4139545.8,41.994,43.862,39.944,41.706,39.606,-0.104746835443038,"up",2637064.2,2075671,0.423613124624815,"up",187787.8,141267.6,0.565925277258947,"up"
12,"mcdonald","hospitality",182.398,184.916,180.116,182.354,181.51,0.0171191616934242,"up",4244397.2,41.994,43.862,39.944,41.706,39.606,-0.104746835443038,"up",2637064.2,2075671,0.423613124624815,"up",187787.8,141267.6,0.565925277258947,"up"
12,"microsoft","technology",173.538,175.20798,170.70804,172.474,173.346,0.052128127702836,"down",38924214.4,41.994,43.862,39.944,41.706,39.606,-0.104746835443038,"up",2637064.2,2075671,0.423613124624815,"up",187787.8,141267.6,0.565925277258947,"up"
12,"netflix","technology",430.785,438.0146,420.86,428.886,419.83,0.123982651531377,"up",15915966.6,41.994,43.862,39.944,41.706,39.606,-0.104746835443038,"up",2637064.2,2075671,0.423613124624815,"up",187787.8,141267.6,0.565925277258947,"up"
12,"royal.caribbean","hospitality",35.364,36.68,34.232,35.398,35.918,0.0193841350929473,"down",15330835,41.994,43.862,39.944,41.706,39.606,-0.104746835443038,"up",2637064.2,2075671,0.423613124624815,"up",187787.8,141267.6,0.565925277258947,"up"
12,"starbucks","hospitality",75.41,76.54,73.945,75.244,73.718,0.0458308210675653,"up",11071958.8,41.994,43.862,39.944,41.706,39.606,-0.104746835443038,"up",2637064.2,2075671,0.423613124624815,"up",187787.8,141267.6,0.565925277258947,"up"
12,"zoom","technology",156.596,162.656,148.7007,154.08,145.938,0.218663493455251,"up",18738004.2,41.994,43.862,39.944,41.706,39.606,-0.104746835443038,"up",2637064.2,2075671,0.423613124624815,"up",187787.8,141267.6,0.565925277258947,"up"
13,"alphabet","technology",1315.13,1328.088,1290.666,1301.93,1255.898,0.00161419727979056,"up",3379581.2,34.228,36.106,32.256,33.886,41.706,0.0530222693531282,"down",3189204.2,2637064.2,0.270463479038827,"up",228116,187787.8,0.329305516622353,"up"
13,"amazon","technology",2380.39,2409.542,2326.64,2364.566,2378.978,0.0304797861225706,"down",6962780,34.228,36.106,32.256,33.886,41.706,0.0530222693531282,"down",3189204.2,2637064.2,0.270463479038827,"up",228116,187787.8,0.329305516622353,"up"
13,"apple","technology",285.564,290.714,283.248,286.47,275.88,-0.0246213460423414,"up",39502685.4,34.228,36.106,32.256,33.886,41.706,0.0530222693531282,"down",3189204.2,2637064.2,0.270463479038827,"up",228116,187787.8,0.329305516622353,"up"
13,"darden","hospitality",74.374,76.14992,71.55,73.81,65.82,0.0891580619539315,"up",3614519.6,34.228,36.106,32.256,33.886,41.706,0.0530222693531282,"down",3189204.2,2637064.2,0.270463479038827,"up",228116,187787.8,0.329305516622353,"up"
13,"facebook","technology",196.22,199.366,192.11804,194.316,181.304,0.0238304985204762,"up",34705790.8,34.228,36.106,32.256,33.886,41.706,0.0530222693531282,"down",3189204.2,2637064.2,0.270463479038827,"up",228116,187787.8,0.329305516622353,"up"
13,"hilton","hospitality",75.614,77.534,74.069,75.592,71.546,0.0154418234976867,"up",3961539.2,34.228,36.106,32.256,33.886,41.706,0.0530222693531282,"down",3189204.2,2637064.2,0.270463479038827,"up",228116,187787.8,0.329305516622353,"up"
13,"marriott","hospitality",88.2901,90.966,85.984,88.874,80.3,-0.0114489720546597,"up",5320136.8,34.228,36.106,32.256,33.886,41.706,0.0530222693531282,"down",3189204.2,2637064.2,0.270463479038827,"up",228116,187787.8,0.329305516622353,"up"
13,"mcdonald","hospitality",185.936,188.525,184.026,185.972,182.354,0.00464988154922606,"up",4438378.6,34.228,36.106,32.256,33.886,41.706,0.0530222693531282,"down",3189204.2,2637064.2,0.270463479038827,"up",228116,187787.8,0.329305516622353,"up"
13,"microsoft","technology",176.21312,177.858,172.962,175.014,172.474,-0.00503040162449675,"up",42423993.6,34.228,36.106,32.256,33.886,41.706,0.0530222693531282,"down",3189204.2,2637064.2,0.270463479038827,"up",228116,187787.8,0.329305516622353,"up"
13,"netflix","technology",413.986,423.654,407.41602,414.444,428.886,0.0215706357335113,"down",8465136.6,34.228,36.106,32.256,33.886,41.706,0.0530222693531282,"down",3189204.2,2637064.2,0.270463479038827,"up",228116,187787.8,0.329305516622353,"up"
13,"royal.caribbean","hospitality",42.774,44.898,40.96618,43.332,35.398,-0.0144774207918034,"up",22440474.8,34.228,36.106,32.256,33.886,41.706,0.0530222693531282,"down",3189204.2,2637064.2,0.270463479038827,"up",228116,187787.8,0.329305516622353,"up"
13,"starbucks","hospitality",77.052,77.98398,75.724,76.762,75.244,0.0207005073387775,"up",14407621,34.228,36.106,32.256,33.886,41.706,0.0530222693531282,"down",3189204.2,2637064.2,0.270463479038827,"up",228116,187787.8,0.329305516622353,"up"
13,"zoom","technology",149.112,154.056,143.99602,148.306,154.08,0.0557908152777208,"down",17156820.6,34.228,36.106,32.256,33.886,41.706,0.0530222693531282,"down",3189204.2,2637064.2,0.270463479038827,"up",228116,187787.8,0.329305516622353,"up"
14,"alphabet","technology",1349.352,1367.362,1340.144,1354.194,1301.93,0.0366526580980302,"up",1662520,33.78,34.98,31.484,32.624,33.886,-0.187502997170671,"down",3761107.2,3189204.2,0.209376775885851,"up",264714,228116,0.21475410010661,"up"
14,"amazon","technology",2334.548,2359.734,2316.724,2346.454,2364.566,-0.00605806358865036,"down",3566775,33.78,34.98,31.484,32.624,33.886,-0.187502997170671,"down",3761107.2,3189204.2,0.209376775885851,"up",264714,228116,0.21475410010661,"up"
14,"apple","technology",298.71,302.69,297.18144,301.044,286.47,0.038386254893432,"up",33645793.6,33.78,34.98,31.484,32.624,33.886,-0.187502997170671,"down",3761107.2,3189204.2,0.209376775885851,"up",264714,228116,0.21475410010661,"up"
14,"darden","hospitality",70.07,72.30776,68.666,70.614,73.81,0.121391674263142,"down",2483709,33.78,34.98,31.484,32.624,33.886,-0.187502997170671,"down",3761107.2,3189204.2,0.209376775885851,"up",264714,228116,0.21475410010661,"up"
14,"facebook","technology",207.748,210.54,206.36124,208.882,194.316,0.0717689626263072,"up",17970976.6,33.78,34.98,31.484,32.624,33.886,-0.187502997170671,"down",3761107.2,3189204.2,0.209376775885851,"up",264714,228116,0.21475410010661,"up"
14,"hilton","hospitality",72,73.31918,70.824,71.606,75.592,0.0565510301065048,"down",4884835.2,33.78,34.98,31.484,32.624,33.886,-0.187502997170671,"down",3761107.2,3189204.2,0.209376775885851,"up",264714,228116,0.21475410010661,"up"
14,"marriott","hospitality",84.532,86.61,82.61,84.1,88.874,0.106774595267746,"down",3772837.6,33.78,34.98,31.484,32.624,33.886,-0.187502997170671,"down",3761107.2,3189204.2,0.209376775885851,"up",264714,228116,0.21475410010661,"up"
14,"mcdonald","hospitality",181.628,182.486,178.61004,180.086,185.972,0.0198405299582131,"down",3643814,33.78,34.98,31.484,32.624,33.886,-0.187502997170671,"down",3761107.2,3189204.2,0.209376775885851,"up",264714,228116,0.21475410010661,"up"
14,"microsoft","technology",181.26794,183.28,180.25412,182.084,175.014,0.0147268573814025,"up",31715991.8,33.78,34.98,31.484,32.624,33.886,-0.187502997170671,"down",3761107.2,3189204.2,0.209376775885851,"up",264714,228116,0.21475410010661,"up"
14,"netflix","technology",429.133,436.038,425.42278,431.834,414.444,-0.0336732838096837,"up",6290135.4,33.78,34.98,31.484,32.624,33.886,-0.187502997170671,"down",3761107.2,3189204.2,0.209376775885851,"up",264714,228116,0.21475410010661,"up"
14,"royal.caribbean","hospitality",38.846,40.57518,37.008,38.526,43.332,0.22413695689022,"down",18644081,33.78,34.98,31.484,32.624,33.886,-0.187502997170671,"down",3761107.2,3189204.2,0.209376775885851,"up",264714,228116,0.21475410010661,"up"
14,"starbucks","hospitality",74.4734,75.302,73.227,74.324,76.762,0.0201743660624103,"down",12785973,33.78,34.98,31.484,32.624,33.886,-0.187502997170671,"down",3761107.2,3189204.2,0.209376775885851,"up",264714,228116,0.21475410010661,"up"
14,"zoom","technology",149.102,153.464,146.42882,150.21,148.306,-0.037474039460021,"up",7612029.2,33.78,34.98,31.484,32.624,33.886,-0.187502997170671,"down",3761107.2,3189204.2,0.209376775885851,"up",264714,228116,0.21475410010661,"up"
15,"alphabet","technology",1368.59,1389.428,1348.064,1371.404,1354.194,0.0401434792961218,"up",1852070,31.466,35.266,29.422,32.078,32.624,-0.0372425190344093,"down",4351841.6,3761107.2,0.179324672907429,"up",298271,264714,0.160435918567746,"up"
15,"amazon","technology",2376.576,2409.746,2354.898,2386.5,2346.454,-0.00765975658958119,"up",3800029,31.466,35.266,29.422,32.078,32.624,-0.0372425190344093,"down",4351841.6,3761107.2,0.179324672907429,"up",298271,264714,0.160435918567746,"up"
15,"apple","technology",308.588,314.0756,304.62,310.264,301.044,0.0508744371138337,"up",41707365.2,31.466,35.266,29.422,32.078,32.624,-0.0372425190344093,"down",4351841.6,3761107.2,0.179324672907429,"up",298271,264714,0.160435918567746,"up"
15,"darden","hospitality",69.284,71.44998,66.268,69.28,70.614,-0.0433003658040916,"down",3300219.4,31.466,35.266,29.422,32.078,32.624,-0.0372425190344093,"down",4351841.6,3761107.2,0.179324672907429,"up",298271,264714,0.160435918567746,"up"
15,"facebook","technology",208.2873,211.865,205.458,209.214,208.882,0.0749603738240804,"up",16972651,31.466,35.266,29.422,32.078,32.624,-0.0372425190344093,"down",4351841.6,3761107.2,0.179324672907429,"up",298271,264714,0.160435918567746,"up"
15,"hilton","hospitality",67.538,68.968,65.572,67.372,71.606,-0.0527304476664198,"down",4401855,31.466,35.266,29.422,32.078,32.624,-0.0372425190344093,"down",4351841.6,3761107.2,0.179324672907429,"up",298271,264714,0.160435918567746,"up"
15,"marriott","hospitality",79.55896,81.42696,76.846,79.182,84.1,-0.0537164975133335,"down",5454201.6,31.466,35.266,29.422,32.078,32.624,-0.0372425190344093,"down",4351841.6,3761107.2,0.179324672907429,"up",298271,264714,0.160435918567746,"up"
15,"mcdonald","hospitality",176.154,178.4814,173.1,175.892,180.086,-0.031649925795281,"down",4541072.6,31.466,35.266,29.422,32.078,32.624,-0.0372425190344093,"down",4351841.6,3761107.2,0.179324672907429,"up",298271,264714,0.160435918567746,"up"
15,"microsoft","technology",181.84,185.27,178.874,182.538,182.084,0.0403967682585393,"up",39225328,31.466,35.266,29.422,32.078,32.624,-0.0372425190344093,"down",4351841.6,3761107.2,0.179324672907429,"up",298271,264714,0.160435918567746,"up"
15,"netflix","technology",439.924,448.68798,432.904,441.35,431.834,0.0419598305199255,"up",6670055.2,31.466,35.266,29.422,32.078,32.624,-0.0372425190344093,"down",4351841.6,3761107.2,0.179324672907429,"up",298271,264714,0.160435918567746,"up"
15,"royal.caribbean","hospitality",36.488,37.9699,34.656,36.308,38.526,-0.110911104957076,"down",16673023.4,31.466,35.266,29.422,32.078,32.624,-0.0372425190344093,"down",4351841.6,3761107.2,0.179324672907429,"up",298271,264714,0.160435918567746,"up"
15,"starbucks","hospitality",74.442,75.718,73.27592,74.438,74.324,-0.0317605065006123,"up",10101711.4,31.466,35.266,29.422,32.078,32.624,-0.0372425190344093,"down",4351841.6,3761107.2,0.179324672907429,"up",298271,264714,0.160435918567746,"up"
15,"zoom","technology",165.21,170.794,161.334,167.48,150.21,0.0128383207692206,"up",8719516.6,31.466,35.266,29.422,32.078,32.624,-0.0372425190344093,"down",4351841.6,3761107.2,0.179324672907429,"up",298271,264714,0.160435918567746,"up"
16,"alphabet","technology",1390.222,1406.148,1381.144,1397.746,1371.404,0.0127086665573766,"up",1762693.2,29.858,30.68,28.05,29.102,32.078,-0.0167361451692006,"down",4999334.8,4351841.6,0.157063962441698,"up",329307.4,298271,0.126767001367514,"up"
16,"amazon","technology",2453.038,2482.66,2430.584,2451.43,2386.5,0.017066603479122,"up",4133339,29.858,30.68,28.05,29.102,32.078,-0.0167361451692006,"down",4999334.8,4351841.6,0.157063962441698,"up",329307.4,298271,0.126767001367514,"up"
16,"apple","technology",315.862,318.932,314.15082,316.614,310.264,0.0306267522355537,"up",26654938,29.858,30.68,28.05,29.102,32.078,-0.0167361451692006,"down",4999334.8,4351841.6,0.157063962441698,"up",329307.4,298271,0.126767001367514,"up"
16,"darden","hospitality",76.648,77.942,74.808,76.488,69.28,-0.0188914379584785,"up",3116389.2,29.858,30.68,28.05,29.102,32.078,-0.0167361451692006,"down",4999334.8,4351841.6,0.157063962441698,"up",329307.4,298271,0.126767001367514,"up"
16,"facebook","technology",223.03,227.9329,221.38,225.268,209.214,0.00158941411897623,"up",36735389.8,29.858,30.68,28.05,29.102,32.078,-0.0167361451692006,"down",4999334.8,4351841.6,0.157063962441698,"up",329307.4,298271,0.126767001367514,"up"
16,"hilton","hospitality",75.444,77.54298,74.47384,76.426,67.372,-0.0591291232578275,"up",4302836.4,29.858,30.68,28.05,29.102,32.078,-0.0167361451692006,"down",4999334.8,4351841.6,0.157063962441698,"up",329307.4,298271,0.126767001367514,"up"
16,"marriott","hospitality",90.768,93.416,88.817,91.874,79.182,-0.0584780023781212,"up",5522430.4,29.858,30.68,28.05,29.102,32.078,-0.0167361451692006,"down",4999334.8,4351841.6,0.157063962441698,"up",329307.4,298271,0.126767001367514,"up"
16,"mcdonald","hospitality",182.168,183.608,180.4072,182.598,175.892,-0.0232888730939663,"up",3667737.2,29.858,30.68,28.05,29.102,32.078,-0.0167361451692006,"down",4999334.8,4351841.6,0.157063962441698,"up",329307.4,298271,0.126767001367514,"up"
16,"microsoft","technology",184.836,185.956,183.444,184.228,182.538,0.00249335471540612,"up",28645341.8,29.858,30.68,28.05,29.102,32.078,-0.0167361451692006,"down",4999334.8,4351841.6,0.157063962441698,"up",329307.4,298271,0.126767001367514,"up"
16,"netflix","technology",448.8733,451.838,439.049,443.372,441.35,0.0220362454091155,"up",6539307.4,29.858,30.68,28.05,29.102,32.078,-0.0167361451692006,"down",4999334.8,4351841.6,0.157063962441698,"up",329307.4,298271,0.126767001367514,"up"
16,"royal.caribbean","hospitality",42.802,44.676,40.84,42.614,36.308,-0.0575715101489904,"up",22600847.8,29.858,30.68,28.05,29.102,32.078,-0.0167361451692006,"down",4999334.8,4351841.6,0.157063962441698,"up",329307.4,298271,0.126767001367514,"up"
16,"starbucks","hospitality",77.398,77.998,76.578,77.104,74.438,0.00153382487487224,"up",8220652.8,29.858,30.68,28.05,29.102,32.078,-0.0167361451692006,"down",4999334.8,4351841.6,0.157063962441698,"up",329307.4,298271,0.126767001367514,"up"
16,"zoom","technology",171.676,175.326,167.58836,171.388,167.48,0.114972372012516,"up",6967725.8,29.858,30.68,28.05,29.102,32.078,-0.0167361451692006,"down",4999334.8,4351841.6,0.157063962441698,"up",329307.4,298271,0.126767001367514,"up"
17,"alphabet","technology",1420.5975,1437.9125,1407.2625,1423.3525,1397.746,0.019208052477607,"up",1856495.5,28.115,29.79,26.955,27.9325,29.102,-0.0927738637072137,"down",5749243,4999334.8,0.148786021991242,"up",358923.75,329307.4,0.104054366666555,"up"
17,"amazon","technology",2415.815,2438.73,2380.1225,2418.93,2451.43,0.0272072072072071,"down",3836890.75,28.115,29.79,26.955,27.9325,29.102,-0.0927738637072137,"down",5749243,4999334.8,0.148786021991242,"up",358923.75,329307.4,0.104054366666555,"up"
17,"apple","technology",318.915,321.885,315.4225,317.7575,316.614,0.0204664414820926,"up",32866340.75,28.115,29.79,26.955,27.9325,29.102,-0.0927738637072137,"down",5749243,4999334.8,0.148786021991242,"up",358923.75,329307.4,0.104054366666555,"up"
17,"darden","hospitality",80.4075,81.08905,77.725,79.0975,76.488,0.104041570438799,"up",3339908.75,28.115,29.79,26.955,27.9325,29.102,-0.0927738637072137,"down",5749243,4999334.8,0.148786021991242,"up",358923.75,329307.4,0.104054366666555,"up"
17,"facebook","technology",229.585,232.6458,224.921175,227.9725,225.268,0.0767348265412449,"up",30155340,28.115,29.79,26.955,27.9325,29.102,-0.0927738637072137,"down",5749243,4999334.8,0.148786021991242,"up",358923.75,329307.4,0.104054366666555,"up"
17,"hilton","hospitality",83.1975,83.72125,80.2525,81.1925,76.426,0.134388173128303,"up",4083663.75,28.115,29.79,26.955,27.9325,29.102,-0.0927738637072137,"down",5749243,4999334.8,0.148786021991242,"up",358923.75,329307.4,0.104054366666555,"up"
17,"marriott","hospitality",96.33625,96.64425,92.2375,93.255,91.874,0.16028895456038,"up",5681978.5,28.115,29.79,26.955,27.9325,29.102,-0.0927738637072137,"down",5749243,4999334.8,0.148786021991242,"up",358923.75,329307.4,0.104054366666555,"up"
17,"mcdonald","hospitality",188.795,189.6475,185.485025,186.9025,182.598,0.03812566802356,"up",4316749,28.115,29.79,26.955,27.9325,29.102,-0.0927738637072137,"down",5749243,4999334.8,0.148786021991242,"up",358923.75,329307.4,0.104054366666555,"up"
17,"microsoft","technology",182.5025,184.226275,179.6225,182.0075,184.228,0.00925834620736503,"down",37892324.75,28.115,29.79,26.955,27.9325,29.102,-0.0927738637072137,"down",5749243,4999334.8,0.148786021991242,"up",358923.75,329307.4,0.104054366666555,"up"
17,"netflix","technology",418.2125,422.796675,408.5875,416.9575,443.372,0.00458139798345995,"down",7314524.5,28.115,29.79,26.955,27.9325,29.102,-0.0927738637072137,"down",5749243,4999334.8,0.148786021991242,"up",358923.75,329307.4,0.104054366666555,"up"
17,"royal.caribbean","hospitality",51.1725,53.299975,49.09815,51.855,42.614,0.173680731519224,"up",24885435.25,28.115,29.79,26.955,27.9325,29.102,-0.0927738637072137,"down",5749243,4999334.8,0.148786021991242,"up",358923.75,329307.4,0.104054366666555,"up"
17,"starbucks","hospitality",78.922825,79.4,77.5375,78.2225,77.104,0.0358150407050162,"up",8777611.5,28.115,29.79,26.955,27.9325,29.102,-0.0927738637072137,"down",5749243,4999334.8,0.148786021991242,"up",358923.75,329307.4,0.104054366666555,"up"
17,"zoom","technology",163.585,170.325,159.835,167.25,171.388,0.0233341294482924,"down",9617842.75,28.115,29.79,26.955,27.9325,29.102,-0.0927738637072137,"down",5749243,4999334.8,0.148786021991242,"up",358923.75,329307.4,0.104054366666555,"up"
18,"alphabet","technology",1431.164,1444.242,1417.828,1434.15,1423.3525,0.0183198521047457,"up",1459883.6,27.022,27.524,25.546,26.212,27.9325,-0.0401862414954298,"down",6500145.4,5749243,0.15000159621236,"up",386814.4,358923.75,0.0899352702065,"up"
18,"amazon","technology",2460.99,2486.928,2447.558,2473.09,2418.93,-0.0132575680317203,"up",2878822.8,27.022,27.524,25.546,26.212,27.9325,-0.0401862414954298,"down",6500145.4,5749243,0.15000159621236,"up",386814.4,358923.75,0.0899352702065,"up"
18,"apple","technology",322.179,325.872,320.49,324.826,317.7575,0.00361165330654999,"up",24898160.4,27.022,27.524,25.546,26.212,27.9325,-0.0401862414954298,"down",6500145.4,5749243,0.15000159621236,"up",386814.4,358923.75,0.0899352702065,"up"
18,"darden","hospitality",82.488,85.142,80.36,82.798,79.0975,0.0341164627131053,"up",2990694,27.022,27.524,25.546,26.212,27.9325,-0.0401862414954298,"down",6500145.4,5749243,0.15000159621236,"up",386814.4,358923.75,0.0899352702065,"up"
18,"facebook","technology",228.782,232.214,225.7021,230.37,227.9725,0.0120056998774793,"up",17663011.6,27.022,27.524,25.546,26.212,27.9325,-0.0401862414954298,"down",6500145.4,5749243,0.15000159621236,"up",386814.4,358923.75,0.0899352702065,"up"
18,"hilton","hospitality",84.75,86.992,83.078,85.032,81.1925,0.0623675189071781,"up",3864454,27.022,27.524,25.546,26.212,27.9325,-0.0401862414954298,"down",6500145.4,5749243,0.15000159621236,"up",386814.4,358923.75,0.0899352702065,"up"
18,"marriott","hospitality",99.756,103.401,96.87412,100.664,93.255,0.0150314561246925,"up",6707779.8,27.022,27.524,25.546,26.212,27.9325,-0.0401862414954298,"down",6500145.4,5749243,0.15000159621236,"up",386814.4,358923.75,0.0899352702065,"up"
18,"mcdonald","hospitality",190.78,192.924,189.533,191.738,186.9025,0.0235736426466883,"up",3473225.2,27.022,27.524,25.546,26.212,27.9325,-0.0401862414954298,"down",6500145.4,5749243,0.15000159621236,"up",386814.4,358923.75,0.0899352702065,"up"
18,"microsoft","technology",183.705,185.502,182.14,184.644,182.0075,-0.0120529995440433,"up",29885974.8,27.022,27.524,25.546,26.212,27.9325,-0.0401862414954298,"down",6500145.4,5749243,0.15000159621236,"up",386814.4,358923.75,0.0899352702065,"up"
18,"netflix","technology",420.266,426.07184,413.554,421.826,416.9575,-0.0595763828117248,"up",4413901.6,27.022,27.524,25.546,26.212,27.9325,-0.0401862414954298,"down",6500145.4,5749243,0.15000159621236,"up",386814.4,358923.75,0.0899352702065,"up"
18,"royal.caribbean","hospitality",57.254,61.64398,56.346,59.376,51.855,0.216853616182475,"up",30129862.2,27.022,27.524,25.546,26.212,27.9325,-0.0401862414954298,"down",6500145.4,5749243,0.15000159621236,"up",386814.4,358923.75,0.0899352702065,"up"
18,"starbucks","hospitality",78.744,79.871,78.06,79.312,78.2225,0.014506380991907,"up",9422601.6,27.022,27.524,25.546,26.212,27.9325,-0.0401862414954298,"down",6500145.4,5749243,0.15000159621236,"up",386814.4,358923.75,0.0899352702065,"up"
18,"zoom","technology",205.248,214.992,197.268,210.81,167.25,-0.0241440474245572,"up",26029847.2,27.022,27.524,25.546,26.212,27.9325,-0.0401862414954298,"down",6500145.4,5749243,0.15000159621236,"up",386814.4,358923.75,0.0899352702065,"up"
19,"alphabet","technology",1439.984,1455.136,1421.082,1435.928,1434.15,0.00758596342086721,"up",1830830.2,29.27,33.886,28.176,31.566,26.212,-0.0615949163161193,"up",7357135.8,6500145.4,0.130608916686945,"up",417085.6,386814.4,0.0777063373488102,"up"
19,"amazon","technology",2575.87,2634.328,2535.636,2575.07,2473.09,0.0223900650287525,"up",5065773.8,29.27,33.886,28.176,31.566,26.212,-0.0615949163161193,"up",7357135.8,6500145.4,0.130608916686945,"up",417085.6,386814.4,0.0777063373488102,"up"
19,"apple","technology",340.864,346.568,335.02466,340.998,324.826,0.0222449509452964,"up",40591357.8,29.27,33.886,28.176,31.566,26.212,-0.0615949163161193,"up",7357135.8,6500145.4,0.130608916686945,"up",417085.6,386814.4,0.0777063373488102,"up"
19,"darden","hospitality",80.128,80.918,76.494,78.454,82.798,0.0467840323651191,"down",3525137.8,29.27,33.886,28.176,31.566,26.212,-0.0615949163161193,"up",7357135.8,6500145.4,0.130608916686945,"up",417085.6,386814.4,0.0777063373488102,"up"
19,"facebook","technology",232.27,235.416,228.23,231.962,230.37,0.0105166193290858,"up",22489926,29.27,33.886,28.176,31.566,26.212,-0.0615949163161193,"up",7357135.8,6500145.4,0.130608916686945,"up",417085.6,386814.4,0.0777063373488102,"up"
19,"hilton","hospitality",84.394,85.2278,81.806,82.74,85.032,0.0472888505711735,"down",4312861.8,29.27,33.886,28.176,31.566,26.212,-0.0615949163161193,"up",7357135.8,6500145.4,0.130608916686945,"up",417085.6,386814.4,0.0777063373488102,"up"
19,"marriott","hospitality",104.38984,105.174,99.51,101.356,100.664,0.0794488231194038,"up",6085858,29.27,33.886,28.176,31.566,26.212,-0.0615949163161193,"up",7357135.8,6500145.4,0.130608916686945,"up",417085.6,386814.4,0.0777063373488102,"up"
19,"mcdonald","hospitality",195.55,197.687,192.41998,194.93,191.738,0.025871778066104,"up",4303839.2,29.27,33.886,28.176,31.566,26.212,-0.0615949163161193,"up",7357135.8,6500145.4,0.130608916686945,"up",417085.6,386814.4,0.0777063373488102,"up"
19,"microsoft","technology",189.747,193.05,186.7921,189.802,184.644,0.0144856667994451,"up",40619218.8,29.27,33.886,28.176,31.566,26.212,-0.0615949163161193,"up",7357135.8,6500145.4,0.130608916686945,"up",417085.6,386814.4,0.0777063373488102,"up"
19,"netflix","technology",426.17,434.97,418.79402,426.33,421.826,0.0116762499775158,"up",6293868,29.27,33.886,28.176,31.566,26.212,-0.0615949163161193,"up",7357135.8,6500145.4,0.130608916686945,"up",417085.6,386814.4,0.0777063373488102,"up"
19,"royal.caribbean","hospitality",66.07,67.5615,61.72,64.862,59.376,0.145039051200463,"up",27057307.6,29.27,33.886,28.176,31.566,26.212,-0.0615949163161193,"up",7357135.8,6500145.4,0.130608916686945,"up",417085.6,386814.4,0.0777063373488102,"up"
19,"starbucks","hospitality",79.266,80.074,77.62056,78.778,79.312,0.0139282175844546,"down",16573042.2,29.27,33.886,28.176,31.566,26.212,-0.0615949163161193,"up",7357135.8,6500145.4,0.130608916686945,"up",417085.6,386814.4,0.0777063373488102,"up"
19,"zoom","technology",213.408,221.402,209.02,215.574,210.81,0.260448430493274,"up",11323317.6,29.27,33.886,28.176,31.566,26.212,-0.0615949163161193,"up",7357135.8,6500145.4,0.130608916686945,"up",417085.6,386814.4,0.0777063373488102,"up"
20,"alphabet","technology",1436.256,1448.368,1419.308,1435.702,1435.928,0.00123975874211223,"down",1795043.2,35.51,37.686,32.18,33.92,31.566,0.204257591942622,"up",8319295.2,7357135.8,0.131841727725044,"up",449396.2,417085.6,0.0782576863736199,"up"
20,"amazon","technology",2623.838,2643.214,2602.186,2631.584,2575.07,0.0412358628274749,"up",3738607.4,35.51,37.686,32.18,33.92,31.566,0.204257591942622,"up",8319295.2,7357135.8,0.131841727725044,"up",449396.2,417085.6,0.0782576863736199,"up"
20,"apple","technology",349.181,352.858,344.552,349.622,340.998,0.0497866550091433,"up",38997017.2,35.51,37.686,32.18,33.92,31.566,0.204257591942622,"up",8319295.2,7357135.8,0.131841727725044,"up",449396.2,417085.6,0.0782576863736199,"up"
20,"darden","hospitality",75.786,77.5483,72.9,74.36,78.454,-0.0524650353873283,"down",3416555.6,35.51,37.686,32.18,33.92,31.566,0.204257591942622,"up",8319295.2,7357135.8,0.131841727725044,"up",449396.2,417085.6,0.0782576863736199,"up"
20,"facebook","technology",234.002,237.358,231.44536,235.682,231.962,0.00691062204280064,"up",19203764.6,35.51,37.686,32.18,33.92,31.566,0.204257591942622,"up",8319295.2,7357135.8,0.131841727725044,"up",449396.2,417085.6,0.0782576863736199,"up"
20,"hilton","hospitality",77.732,79.408,75.449,77.296,82.74,-0.0269545582839402,"down",3624478.8,35.51,37.686,32.18,33.92,31.566,0.204257591942622,"up",8319295.2,7357135.8,0.131841727725044,"up",449396.2,417085.6,0.0782576863736199,"up"
20,"marriott","hospitality",92.453,94.208,89.42446,91.668,101.356,0.00687435428753073,"down",5660131.8,35.51,37.686,32.18,33.92,31.566,0.204257591942622,"up",8319295.2,7357135.8,0.131841727725044,"up",449396.2,417085.6,0.0782576863736199,"up"
20,"mcdonald","hospitality",190.164,191.91928,187.296,189.33,194.93,0.0166477171974257,"down",4498554.4,35.51,37.686,32.18,33.92,31.566,0.204257591942622,"up",8319295.2,7357135.8,0.131841727725044,"up",449396.2,417085.6,0.0782576863736199,"up"
20,"microsoft","technology",193.018,195.7,191.506,193.644,189.802,0.0279348367669679,"up",33703491.2,35.51,37.686,32.18,33.92,31.566,0.204257591942622,"up",8319295.2,7357135.8,0.131841727725044,"up",449396.2,417085.6,0.0782576863736199,"up"
20,"netflix","technology",437.366,444.328,433.64476,442.598,426.33,0.010677388307027,"up",5345272.2,35.51,37.686,32.18,33.92,31.566,0.204257591942622,"up",8319295.2,7357135.8,0.131841727725044,"up",449396.2,417085.6,0.0782576863736199,"up"
20,"royal.caribbean","hospitality",59.75402,62.34472,56.71,59.196,64.862,0.0923942333602802,"down",21909000.4,35.51,37.686,32.18,33.92,31.566,0.204257591942622,"up",8319295.2,7357135.8,0.131841727725044,"up",449396.2,417085.6,0.0782576863736199,"up"
20,"starbucks","hospitality",76.982,77.8617,75.565,76.722,78.778,-0.00673290296550323,"down",10692268.6,35.51,37.686,32.18,33.92,31.566,0.204257591942622,"up",8319295.2,7357135.8,0.131841727725044,"up",449396.2,417085.6,0.0782576863736199,"up"
20,"zoom","technology",237.808,242.63,234.04882,240.678,215.574,0.0225985484559556,"up",11283041.2,35.51,37.686,32.18,33.92,31.566,0.204257591942622,"up",8319295.2,7357135.8,0.131841727725044,"up",449396.2,417085.6,0.0782576863736199,"up"
21,"alphabet","technology",1440.828,1456.256,1413.746,1430.196,1435.702,-0.000157389506994858,"down",2203831,33.516,35.48,30.896,32.786,33.92,0.0745739086358741,"down",9414909,8319295.2,0.13077907301915,"up",483812,449396.2,0.077467551025497,"up"
21,"amazon","technology",2741.026,2766.582,2701.636,2732.016,2631.584,0.0219465878597474,"up",4287306.6,33.516,35.48,30.896,32.786,33.92,0.0745739086358741,"down",9414909,8319295.2,0.13077907301915,"up",483812,449396.2,0.077467551025497,"up"
21,"apple","technology",361.09,366.19,356.50602,360.786,349.622,0.0252904709118529,"up",44150174.6,33.516,35.48,30.896,32.786,33.92,0.0745739086358741,"down",9414909,8319295.2,0.13077907301915,"up",483812,449396.2,0.077467551025497,"up"
21,"darden","hospitality",72.94,74.401,70.51644,73.01,74.36,-0.0521834450760955,"down",4942030.4,33.516,35.48,30.896,32.786,33.92,0.0745739086358741,"down",9414909,8319295.2,0.13077907301915,"up",483812,449396.2,0.077467551025497,"up"
21,"facebook","technology",237.66,239.89906,231.518,233.448,235.682,0.0160371095265604,"down",31763775.8,33.516,35.48,30.896,32.786,33.92,0.0745739086358741,"down",9414909,8319295.2,0.13077907301915,"up",483812,449396.2,0.077467551025497,"up"
21,"hilton","hospitality",74.474,74.757,72.44332,73.724,77.296,-0.0657964708726129,"down",4733613.4,33.516,35.48,30.896,32.786,33.92,0.0745739086358741,"down",9414909,8319295.2,0.13077907301915,"up",483812,449396.2,0.077467551025497,"up"
21,"marriott","hospitality",87.394,88.104,84.70188,86.156,91.668,-0.0955838825525868,"down",6436625.6,33.516,35.48,30.896,32.786,33.92,0.0745739086358741,"down",9414909,8319295.2,0.13077907301915,"up",483812,449396.2,0.077467551025497,"up"
21,"mcdonald","hospitality",185.278,186.02,182.351,184.174,189.33,-0.028728261427179,"down",3712834,33.516,35.48,30.896,32.786,33.92,0.0745739086358741,"down",9414909,8319295.2,0.13077907301915,"up",483812,449396.2,0.077467551025497,"up"
21,"microsoft","technology",199.40286,201.692,196.71252,199.398,193.644,0.0202421470795881,"up",36591347.2,33.516,35.48,30.896,32.786,33.92,0.0745739086358741,"down",9414909,8319295.2,0.13077907301915,"up",483812,449396.2,0.077467551025497,"up"
21,"netflix","technology",463.06,470,453.79,460.292,442.598,0.0381582342316985,"up",5597194.2,33.516,35.48,30.896,32.786,33.92,0.0745739086358741,"down",9414909,8319295.2,0.13077907301915,"up",483812,449396.2,0.077467551025497,"up"
21,"royal.caribbean","hospitality",50.398,51.85998,47.78,49.89,59.196,-0.0873546914988745,"down",21509281.8,33.516,35.48,30.896,32.786,33.92,0.0745739086358741,"down",9414909,8319295.2,0.13077907301915,"up",483812,449396.2,0.077467551025497,"up"
21,"starbucks","hospitality",74.59514,74.9632,72.882,73.99,76.722,-0.0260986569854529,"down",10974861.8,33.516,35.48,30.896,32.786,33.92,0.0745739086358741,"down",9414909,8319295.2,0.13077907301915,"up",483812,449396.2,0.077467551025497,"up"
21,"zoom","technology",254.395,258.067,249.29602,255.258,240.678,0.116451891229926,"up",10876271.8,33.516,35.48,30.896,32.786,33.92,0.0745739086358741,"down",9414909,8319295.2,0.13077907301915,"up",483812,449396.2,0.077467551025497,"up"
22,"alphabet","technology",1407.0575,1439.75,1400.9575,1431.7875,1430.196,-0.00383505769303106,"up",2309691.5,31.72,32.3625,28.86,29.6275,32.786,-0.0334316037735849,"down",10564370.75,9414909,0.131695507090553,"up",513739.5,483812,0.0765823119999679,"up"
22,"amazon","technology",2761.27,2829.2475,2732.5525,2802.05,2732.016,0.0381640867249536,"up",5237799.5,31.72,32.3625,28.86,29.6275,32.786,-0.0334316037735849,"down",10564370.75,9414909,0.131695507090553,"up",513739.5,483812,0.0765823119999679,"up"
22,"apple","technology",361.575,366.4959,359.7075,363.7,360.786,0.0319316290164806,"up",31055585,31.72,32.3625,28.86,29.6275,32.786,-0.0334316037735849,"down",10564370.75,9414909,0.131695507090553,"up",513739.5,483812,0.0765823119999679,"up"
22,"darden","hospitality",75.7,77.18875,73.515,75.8225,73.01,-0.0181549220010758,"up",3582093.25,31.72,32.3625,28.86,29.6275,32.786,-0.0334316037735849,"down",10564370.75,9414909,0.131695507090553,"up",513739.5,483812,0.0765823119999679,"up"
22,"facebook","technology",224.46,231.8125,221.4375,229.67,233.448,-0.00947887407608549,"down",41620297,31.72,32.3625,28.86,29.6275,32.786,-0.0334316037735849,"down",10564370.75,9414909,0.131695507090553,"up",513739.5,483812,0.0765823119999679,"up"
22,"hilton","hospitality",74.135,75.3425,72.5951,74.0825,73.724,-0.0462119643966053,"up",3140866.5,31.72,32.3625,28.86,29.6275,32.786,-0.0334316037735849,"down",10564370.75,9414909,0.131695507090553,"up",513739.5,483812,0.0765823119999679,"up"
22,"marriott","hospitality",85.8275,88.564975,84.2125,86.6875,86.156,-0.0601300344722259,"up",4765594.5,31.72,32.3625,28.86,29.6275,32.786,-0.0334316037735849,"down",10564370.75,9414909,0.131695507090553,"up",513739.5,483812,0.0765823119999679,"up"
22,"mcdonald","hospitality",183.86,185.3675,181.91,183.8625,184.174,-0.0272328738182011,"down",2666710.5,31.72,32.3625,28.86,29.6275,32.786,-0.0334316037735849,"down",10564370.75,9414909,0.131695507090553,"up",513739.5,483812,0.0765823119999679,"up"
22,"microsoft","technology",200.6204,204.325,199.515,203.2275,199.398,0.029714321125364,"up",30601461.75,31.72,32.3625,28.86,29.6275,32.786,-0.0334316037735849,"down",10564370.75,9414909,0.131695507090553,"up",513739.5,483812,0.0765823119999679,"up"
22,"netflix","technology",458.7225,471.4425,452.16645,466.2025,460.292,0.0399775868847126,"up",6276506.5,31.72,32.3625,28.86,29.6275,32.786,-0.0334316037735849,"down",10564370.75,9414909,0.131695507090553,"up",513739.5,483812,0.0765823119999679,"up"
22,"royal.caribbean","hospitality",50.1625,52.625,48.1625,50.235,49.89,-0.157206568011352,"up",15961825.75,31.72,32.3625,28.86,29.6275,32.786,-0.0334316037735849,"down",10564370.75,9414909,0.131695507090553,"up",513739.5,483812,0.0765823119999679,"up"
22,"starbucks","hospitality",73.507275,74.29,72.7225,73.72,73.99,-0.0356090821407158,"down",8318492,31.72,32.3625,28.86,29.6275,32.786,-0.0334316037735849,"down",10564370.75,9414909,0.131695507090553,"up",513739.5,483812,0.0765823119999679,"up"
22,"zoom","technology",254.2975,259.3825,249.2875,255.7425,255.258,0.0605788647072022,"up",6793577.75,31.72,32.3625,28.86,29.6275,32.786,-0.0334316037735849,"down",10564370.75,9414909,0.131695507090553,"up",513739.5,483812,0.0765823119999679,"up"
23,"alphabet","technology",1492.14,1515.66,1483.34,1494.785,1431.7875,0.0011127845414195,"up",2169800,28.265,28.98,26.085,28.685,29.6275,-0.0963368510949796,"down",11724849,10564370.75,0.122089523117005,"up",541110.5,513739.5,0.0618577050589899,"up"
23,"amazon","technology",2996.76,3064.715,2960,3028.58,2802.05,0.0256345497244526,"up",6011350,28.265,28.98,26.085,28.685,29.6275,-0.0963368510949796,"down",11724849,10564370.75,0.122089523117005,"up",541110.5,513739.5,0.0618577050589899,"up"
23,"apple","technology",372.705,377.2,371.05,373.27,363.7,0.00807681007577896,"up",28402200,28.265,28.98,26.085,28.685,29.6275,-0.0963368510949796,"down",11724849,10564370.75,0.122089523117005,"up",541110.5,513739.5,0.0618577050589899,"up"
23,"darden","hospitality",74.965,75.46,72.435,73.59,75.8225,0.0385221202574988,"down",2621350,28.265,28.98,26.085,28.685,29.6275,-0.0963368510949796,"down",11724849,10564370.75,0.122089523117005,"up",541110.5,513739.5,0.0618577050589899,"up"
23,"facebook","technology",236.585,244.025,235.545,240.57,229.67,-0.0161834755491588,"up",26822850,28.265,28.98,26.085,28.685,29.6275,-0.0963368510949796,"down",11724849,10564370.75,0.122089523117005,"up",541110.5,513739.5,0.0618577050589899,"up"
23,"hilton","hospitality",75.67,75.905,74.365,75.195,74.0825,0.00486273126797233,"up",2727000,28.265,28.98,26.085,28.685,29.6275,-0.0963368510949796,"down",11724849,10564370.75,0.122089523117005,"up",541110.5,513739.5,0.0618577050589899,"up"
23,"marriott","hospitality",89.145,89.66,87.1,88.63,86.6875,0.0061690422025163,"up",3006100,28.265,28.98,26.085,28.685,29.6275,-0.0963368510949796,"down",11724849,10564370.75,0.122089523117005,"up",541110.5,513739.5,0.0618577050589899,"up"
23,"mcdonald","hospitality",186.685,188.285,184.695,187.16,183.8625,-0.00169133536764144,"up",2767650,28.265,28.98,26.085,28.685,29.6275,-0.0963368510949796,"down",11724849,10564370.75,0.122089523117005,"up",541110.5,513739.5,0.0618577050589899,"up"
23,"microsoft","technology",209.64,212.9,208.04,209.475,203.2275,0.0192053079770108,"up",32514250,28.265,28.98,26.085,28.685,29.6275,-0.0963368510949796,"down",11724849,10564370.75,0.122089523117005,"up",541110.5,513739.5,0.0618577050589899,"up"
23,"netflix","technology",489.04,502.16,485.315,493.485,466.2025,0.0128407619511092,"up",6725800,28.265,28.98,26.085,28.685,29.6275,-0.0963368510949796,"down",11724849,10564370.75,0.122089523117005,"up",541110.5,513739.5,0.0618577050589899,"up"
23,"royal.caribbean","hospitality",49.6,50.62,47.655,48.785,50.235,0.00691521346963317,"down",11495750,28.265,28.98,26.085,28.685,29.6275,-0.0963368510949796,"down",11724849,10564370.75,0.122089523117005,"up",541110.5,513739.5,0.0618577050589899,"up"
23,"starbucks","hospitality",75.03,75.355,74.08,74.845,73.72,-0.00364914177591561,"up",7315700,28.265,28.98,26.085,28.685,29.6275,-0.0963368510949796,"down",11724849,10564370.75,0.122089523117005,"up",541110.5,513739.5,0.0618577050589899,"up"
23,"zoom","technology",263.275,270.765,258.71,261.55,255.7425,0.00189807959006181,"up",9961450,28.265,28.98,26.085,28.685,29.6275,-0.0963368510949796,"down",11724849,10564370.75,0.122089523117005,"up",541110.5,513739.5,0.0618577050589899,"up"
